Location;Period;FactValueForMeasure
Afghanistan;2017;11.78
Afghanistan;2016;10.96
Afghanistan;2015;10.11
Afghanistan;2014;9.53
Afghanistan;2013;8.81
Afghanistan;2012;7.9
Afghanistan;2011;8.56
Afghanistan;2010;8.57
Afghanistan;2009;9.82
Afghanistan;2008;10.26
Afghanistan;2007;9.9
Afghanistan;2006;10.62
Afghanistan;2005;9.95
Algeria;2017;6.37
Algeria;2016;6.6
Algeria;2015;6.98
Algeria;2014;6.55
Algeria;2013;6.04
Algeria;2012;6
Algeria;2011;5.27
Algeria;2010;5.12
Algeria;2009;5.36
Algeria;2008;4.2
Algeria;2007;3.82
Algeria;2006;3.36
Algeria;2005;3.24
Andorra;2017;10.32
Andorra;2016;10.32
Andorra;2015;10.25
Andorra;2014;10.28
Andorra;2013;10.11
Andorra;2012;10.05
Andorra;2011;9.77
Andorra;2010;9.45
Andorra;2009;9.03
Andorra;2008;8.79
Andorra;2007;8.43
Andorra;2006;8.43
Andorra;2005;8.57
Angola;2017;2.79
Angola;2016;2.71
Angola;2015;2.61
Angola;2014;2.43
Angola;2013;2.73
Angola;2012;2.4
Angola;2011;2.65
Angola;2010;2.7
Angola;2009;3.84
Angola;2008;3.32
Angola;2007;2.97
Angola;2006;2.69
Angola;2005;2.85
Antigua and Barbuda;2017;4.53
Antigua and Barbuda;2016;4.36
Antigua and Barbuda;2015;4.7
Antigua and Barbuda;2014;5.25
Antigua and Barbuda;2013;5.42
Antigua and Barbuda;2012;5.19
Antigua and Barbuda;2011;5.3
Antigua and Barbuda;2010;5.19
Antigua and Barbuda;2009;4.4
Antigua and Barbuda;2008;4.39
Antigua and Barbuda;2007;4.71
Antigua and Barbuda;2006;4.67
Antigua and Barbuda;2005;4.97
Argentina;2017;9.12
Argentina;2016;7.54
Argentina;2015;8.79
Argentina;2014;8.26
Argentina;2013;8.37
Argentina;2012;8.46
Argentina;2011;8.4
Argentina;2010;8.61
Argentina;2009;9.01
Argentina;2008;7.67
Argentina;2007;7.61
Argentina;2006;7.55
Argentina;2005;7.61
Armenia;2017;10.36
Armenia;2016;9.95
Armenia;2015;10.12
Armenia;2014;10.18
Armenia;2013;10.32
Armenia;2012;9.13
Armenia;2011;9.38
Armenia;2010;9.24
Armenia;2009;8.44
Armenia;2008;6.64
Armenia;2007;5.5
Armenia;2006;5.85
Armenia;2005;5.86
Australia;2017;9.21
Australia;2016;9.2
Australia;2015;9.31
Australia;2014;9.04
Australia;2013;8.76
Australia;2012;8.68
Australia;2011;8.54
Australia;2010;8.43
Australia;2009;8.56
Australia;2008;8.26
Australia;2007;8.07
Australia;2006;7.99
Australia;2005;7.99
Austria;2017;10.4
Austria;2016;10.42
Austria;2015;10.37
Austria;2014;10.37
Austria;2013;10.29
Austria;2012;10.2
Austria;2011;10.03
Austria;2010;10.22
Austria;2009;10.23
Austria;2008;9.73
Austria;2007;9.53
Austria;2006;9.53
Austria;2005;9.63
Azerbaijan;2017;6.65
Azerbaijan;2016;6.66
Azerbaijan;2015;6.71
Azerbaijan;2014;5.47
Azerbaijan;2013;5.05
Azerbaijan;2012;4.9
Azerbaijan;2011;4.51
Azerbaijan;2010;4.77
Azerbaijan;2009;5.2
Azerbaijan;2008;4.05
Azerbaijan;2007;4.66
Azerbaijan;2006;5.76
Azerbaijan;2005;7.44
Bahamas;2017;5.76
Bahamas;2016;6.07
Bahamas;2015;5.71
Bahamas;2014;5.89
Bahamas;2013;6.02
Bahamas;2012;6.05
Bahamas;2011;6.05
Bahamas;2010;5.92
Bahamas;2009;5.94
Bahamas;2008;5.79
Bahamas;2007;5.53
Bahamas;2006;5.39
Bahamas;2005;4.65
Bahrain;2017;4.75
Bahrain;2016;4.86
Bahrain;2015;4.98
Bahrain;2014;4.41
Bahrain;2013;4.31
Bahrain;2012;4.11
Bahrain;2011;3.58
Bahrain;2010;3.84
Bahrain;2009;4.06
Bahrain;2008;3.29
Bahrain;2007;3.3
Bahrain;2006;3.06
Bahrain;2005;3.18
Bangladesh;2017;2.27
Bangladesh;2016;2.31
Bangladesh;2015;2.46
Bangladesh;2014;2.5
Bangladesh;2013;2.5
Bangladesh;2012;2.57
Bangladesh;2011;2.57
Bangladesh;2010;2.5
Bangladesh;2009;2.4
Bangladesh;2008;2.35
Bangladesh;2007;2.39
Bangladesh;2006;2.32
Bangladesh;2005;2.28
Barbados;2017;6.78
Barbados;2016;6.85
Barbados;2015;6.97
Barbados;2014;7.11
Barbados;2013;7.6
Barbados;2012;7.78
Barbados;2011;6.9
Barbados;2010;6.77
Barbados;2009;7.15
Barbados;2008;6.48
Barbados;2007;6.06
Barbados;2006;6.58
Barbados;2005;6.77
Belarus;2017;5.93
Belarus;2016;5.91
Belarus;2015;6.07
Belarus;2014;5.39
Belarus;2013;5.7
Belarus;2012;5.25
Belarus;2011;4.87
Belarus;2010;5.66
Belarus;2009;5.39
Belarus;2008;5.47
Belarus;2007;5.89
Belarus;2006;5.76
Belarus;2005;6.28
Belgium;2017;10.34
Belgium;2016;10.3
Belgium;2015;10.28
Belgium;2014;10.41
Belgium;2013;10.37
Belgium;2012;10.27
Belgium;2011;10.14
Belgium;2010;9.97
Belgium;2009;10.14
Belgium;2008;9.34
Belgium;2007;8.95
Belgium;2006;8.91
Belgium;2005;9.01
Belize;2017;5.64
Belize;2016;6.1
Belize;2015;5.9
Belize;2014;5.67
Belize;2013;5.7
Belize;2012;5.37
Belize;2011;5.63
Belize;2010;5.76
Belize;2009;5.8
Belize;2008;5.06
Belize;2007;5.04
Belize;2006;4.6
Belize;2005;4.69
Benin;2017;3.72
Benin;2016;3.86
Benin;2015;3.99
Benin;2014;3.65
Benin;2013;3.91
Benin;2012;4.67
Benin;2011;4.22
Benin;2010;4.09
Benin;2009;3.86
Benin;2008;3.68
Benin;2007;3.95
Benin;2006;4.06
Benin;2005;4.01
Bhutan;2017;3.19
Bhutan;2016;3.49
Bhutan;2015;3.66
Bhutan;2014;3.47
Bhutan;2013;3.62
Bhutan;2012;3.53
Bhutan;2011;3.27
Bhutan;2010;3.47
Bhutan;2009;3.46
Bhutan;2008;3.3
Bhutan;2007;4.03
Bhutan;2006;4.29
Bhutan;2005;4.02
Bolivia (Plurinational State of);2017;6.44
Bolivia (Plurinational State of);2016;6.85
Bolivia (Plurinational State of);2015;6.62
Bolivia (Plurinational State of);2014;5.96
Bolivia (Plurinational State of);2013;5.74
Bolivia (Plurinational State of);2012;5.37
Bolivia (Plurinational State of);2011;5.49
Bolivia (Plurinational State of);2010;5.47
Bolivia (Plurinational State of);2009;5.41
Bolivia (Plurinational State of);2008;4.75
Bolivia (Plurinational State of);2007;4.89
Bolivia (Plurinational State of);2006;4.82
Bolivia (Plurinational State of);2005;5.07
Bosnia and Herzegovina;2017;8.93
Bosnia and Herzegovina;2016;9.23
Bosnia and Herzegovina;2015;9.34
Bosnia and Herzegovina;2014;9.48
Bosnia and Herzegovina;2013;9.49
Bosnia and Herzegovina;2012;9.49
Bosnia and Herzegovina;2011;9.18
Bosnia and Herzegovina;2010;9.02
Bosnia and Herzegovina;2009;9.02
Bosnia and Herzegovina;2008;9.69
Bosnia and Herzegovina;2007;9.53
Bosnia and Herzegovina;2006;9.17
Bosnia and Herzegovina;2005;9.05
Botswana;2017;6.13
Botswana;2016;5.56
Botswana;2015;5.73
Botswana;2014;5.6
Botswana;2013;6.22
Botswana;2012;6.14
Botswana;2011;5.78
Botswana;2010;6.19
Botswana;2009;6.53
Botswana;2008;5.78
Botswana;2007;5.33
Botswana;2006;4.77
Botswana;2005;5.03
Brazil;2017;9.47
Brazil;2016;9.21
Brazil;2015;8.87
Brazil;2014;8.4
Brazil;2013;7.98
Brazil;2012;7.74
Brazil;2011;7.79
Brazil;2010;7.95
Brazil;2009;8.4
Brazil;2008;8.02
Brazil;2007;8.21
Brazil;2006;8.26
Brazil;2005;8.04
Brunei Darussalam;2017;2.37
Brunei Darussalam;2016;2.55
Brunei Darussalam;2015;2.39
Brunei Darussalam;2014;1.91
Brunei Darussalam;2013;1.9
Brunei Darussalam;2012;1.85
Brunei Darussalam;2011;1.86
Brunei Darussalam;2010;2.28
Brunei Darussalam;2009;2.39
Brunei Darussalam;2008;1.87
Brunei Darussalam;2007;1.94
Brunei Darussalam;2006;1.9
Brunei Darussalam;2005;2.23
Bulgaria;2017;8.1
Bulgaria;2016;8.23
Bulgaria;2015;8.2
Bulgaria;2014;8.5
Bulgaria;2013;7.87
Bulgaria;2012;7.59
Bulgaria;2011;7.13
Bulgaria;2010;7.11
Bulgaria;2009;6.61
Bulgaria;2008;6.29
Bulgaria;2007;6.16
Bulgaria;2006;6.57
Bulgaria;2005;6.94
Burkina Faso;2017;6.92
Burkina Faso;2016;7.01
Burkina Faso;2015;5.83
Burkina Faso;2014;5.62
Burkina Faso;2013;6.26
Burkina Faso;2012;5.18
Burkina Faso;2011;5.23
Burkina Faso;2010;5.89
Burkina Faso;2009;5.72
Burkina Faso;2008;5.23
Burkina Faso;2007;5.89
Burkina Faso;2006;5.09
Burkina Faso;2005;4.44
Burundi;2017;7.52
Burundi;2016;7.49
Burundi;2015;6.58
Burundi;2014;6.89
Burundi;2013;8.14
Burundi;2012;8.53
Burundi;2011;10.07
Burundi;2010;11.28
Burundi;2009;10.35
Burundi;2008;9.24
Burundi;2007;10.58
Burundi;2006;9.94
Burundi;2005;8.42
Cabo Verde;2017;5.17
Cabo Verde;2016;4.84
Cabo Verde;2015;4.82
Cabo Verde;2014;5.33
Cabo Verde;2013;5.29
Cabo Verde;2012;5.13
Cabo Verde;2011;4.31
Cabo Verde;2010;4.48
Cabo Verde;2009;3.88
Cabo Verde;2008;3.58
Cabo Verde;2007;4.19
Cabo Verde;2006;4.49
Cabo Verde;2005;4.27
Cambodia;2017;5.92
Cambodia;2016;6.12
Cambodia;2015;6.19
Cambodia;2014;6.7
Cambodia;2013;7.1
Cambodia;2012;7.26
Cambodia;2011;7.5
Cambodia;2010;6.91
Cambodia;2009;7.58
Cambodia;2008;6.6
Cambodia;2007;4.9
Cambodia;2006;6.12
Cambodia;2005;6.85
Cameroon;2017;4.67
Cameroon;2016;4.68
Cameroon;2015;4.7
Cameroon;2014;4.53
Cameroon;2013;4.5
Cameroon;2012;4.54
Cameroon;2011;3.4
Cameroon;2010;4.5
Cameroon;2009;4.33
Cameroon;2008;4.4
Cameroon;2007;4.16
Cameroon;2006;4.1
Cameroon;2005;4.14
Canada;2017;10.57
Canada;2016;10.74
Canada;2015;10.51
Canada;2014;10.06
Canada;2013;10.23
Canada;2012;10.35
Canada;2011;10.35
Canada;2010;10.68
Canada;2009;10.71
Canada;2008;9.6
Canada;2007;9.44
Canada;2006;9.35
Canada;2005;9.06
Central African Republic;2017;5.82
Central African Republic;2016;4.28
Central African Republic;2015;6.31
Central African Republic;2014;4.85
Central African Republic;2013;4.84
Central African Republic;2012;3.87
Central African Republic;2011;3.82
Central African Republic;2010;3.74
Central African Republic;2009;4.35
Central African Republic;2008;4.02
Central African Republic;2007;4.77
Central African Republic;2006;4.46
Central African Republic;2005;4.76
Chad;2017;4.49
Chad;2016;4.96
Chad;2015;4.52
Chad;2014;4.27
Chad;2013;4.07
Chad;2012;3.86
Chad;2011;3.91
Chad;2010;4.06
Chad;2009;4.44
Chad;2008;4.06
Chad;2007;4.34
Chad;2006;4.87
Chad;2005;4.84
Chile;2017;8.98
Chile;2016;8.52
Chile;2015;8.3
Chile;2014;7.81
Chile;2013;7.44
Chile;2012;7.02
Chile;2011;6.77
Chile;2010;6.77
Chile;2009;7.21
Chile;2008;6.74
Chile;2007;6.18
Chile;2006;6.04
Chile;2005;6.59
China;2017;5.15
China;2016;4.98
China;2015;4.89
China;2014;4.77
China;2013;4.71
China;2012;4.55
China;2011;4.33
China;2010;4.21
China;2009;4.32
China;2008;3.88
China;2007;3.66
China;2006;3.92
China;2005;4.14
Colombia;2017;7.23
Colombia;2016;7.21
Colombia;2015;7.3
Colombia;2014;7.15
Colombia;2013;7.26
Colombia;2012;6.75
Colombia;2011;6.79
Colombia;2010;7.08
Colombia;2009;7.31
Colombia;2008;6.86
Colombia;2007;6.51
Colombia;2006;6.35
Colombia;2005;6.09
Comoros;2017;7.38
Comoros;2016;7.49
Comoros;2015;7.78
Comoros;2014;7.58
Comoros;2013;7.77
Comoros;2012;7.93
Comoros;2011;9.1
Comoros;2010;8.51
Comoros;2009;8.57
Comoros;2008;8.98
Comoros;2007;9.34
Comoros;2006;9.7
Comoros;2005;9.86
Congo;2017;2.93
Congo;2016;3.49
Congo;2015;3.42
Congo;2014;2.51
Congo;2013;2.49
Congo;2012;2.47
Congo;2011;1.85
Congo;2010;1.98
Congo;2009;2.22
Congo;2008;2.55
Congo;2007;2.24
Congo;2006;1.78
Congo;2005;1.88
Cook Islands;2017;3.31
Cook Islands;2016;3.47
Cook Islands;2015;2.86
Cook Islands;2014;3.31
Cook Islands;2013;3.25
Cook Islands;2012;3.14
Cook Islands;2011;3.4
Cook Islands;2010;3.47
Cook Islands;2009;3.51
Cook Islands;2008;3.31
Cook Islands;2007;3.67
Cook Islands;2006;3.69
Cook Islands;2005;4.17
Costa Rica;2017;7.33
Costa Rica;2016;7.53
Costa Rica;2015;7.82
Costa Rica;2014;7.88
Costa Rica;2013;7.87
Costa Rica;2012;7.91
Costa Rica;2011;8.22
Costa Rica;2010;8.11
Costa Rica;2009;7.91
Costa Rica;2008;7.51
Costa Rica;2007;7.03
Costa Rica;2006;6.97
Costa Rica;2005;6.7
Côte d’Ivoire;2017;4.45
Côte d’Ivoire;2016;4.54
Côte d’Ivoire;2015;4.42
Côte d’Ivoire;2014;5.16
Côte d’Ivoire;2013;5.14
Côte d’Ivoire;2012;6.12
Côte d’Ivoire;2011;6.08
Côte d’Ivoire;2010;6.1
Côte d’Ivoire;2009;6.18
Côte d’Ivoire;2008;6.31
Côte d’Ivoire;2007;6.29
Côte d’Ivoire;2006;5.76
Côte d’Ivoire;2005;5.29
Croatia;2017;6.79
Croatia;2016;6.83
Croatia;2015;6.79
Croatia;2014;6.7
Croatia;2013;6.52
Croatia;2012;7.79
Croatia;2011;7.79
Croatia;2010;8.1
Croatia;2009;8.16
Croatia;2008;7.7
Croatia;2007;7.47
Croatia;2006;6.98
Croatia;2005;6.91
Cuba;2017;11.71
Cuba;2016;12.22
Cuba;2015;12.81
Cuba;2014;12.14
Cuba;2013;10.43
Cuba;2012;9.3
Cuba;2011;11.31
Cuba;2010;10.69
Cuba;2009;12.29
Cuba;2008;11.31
Cuba;2007;10.97
Cuba;2006;8.27
Cuba;2005;8.76
Cyprus;2017;6.68
Cyprus;2016;6.79
Cyprus;2015;6.81
Cyprus;2014;6.78
Cyprus;2013;6.9
Cyprus;2012;6.69
Cyprus;2011;6.59
Cyprus;2010;6.28
Cyprus;2009;6.47
Cyprus;2008;6.02
Cyprus;2007;5.36
Cyprus;2006;5.46
Cyprus;2005;5.44
Czechia;2017;7.23
Czechia;2016;7.15
Czechia;2015;7.24
Czechia;2014;7.65
Czechia;2013;7.81
Czechia;2012;7.03
Czechia;2011;6.98
Czechia;2010;6.93
Czechia;2009;7.29
Czechia;2008;6.36
Czechia;2007;6.02
Czechia;2006;6.2
Czechia;2005;6.38
Democratic Republic of the Congo;2017;3.98
Democratic Republic of the Congo;2016;3.89
Democratic Republic of the Congo;2015;3.94
Democratic Republic of the Congo;2014;3.98
Democratic Republic of the Congo;2013;3.57
Democratic Republic of the Congo;2012;3.57
Democratic Republic of the Congo;2011;3.43
Democratic Republic of the Congo;2010;4.02
Democratic Republic of the Congo;2009;4.64
Democratic Republic of the Congo;2008;5.14
Democratic Republic of the Congo;2007;4.44
Democratic Republic of the Congo;2006;4.46
Democratic Republic of the Congo;2005;4.27
Denmark;2017;10.11
Denmark;2016;10.18
Denmark;2015;10.23
Denmark;2014;10.17
Denmark;2013;10.17
Denmark;2012;10.24
Denmark;2011;10.15
Denmark;2010;10.33
Denmark;2009;10.67
Denmark;2008;9.51
Denmark;2007;9.33
Denmark;2006;9.17
Denmark;2005;9.09
Djibouti;2017;3.32
Djibouti;2016;3.75
Djibouti;2015;4.39
Djibouti;2014;4.14
Djibouti;2013;4.1
Djibouti;2012;4.63
Djibouti;2011;4.74
Djibouti;2010;4.3
Djibouti;2009;4.51
Djibouti;2008;4.48
Djibouti;2007;4.79
Djibouti;2006;4.89
Djibouti;2005;4.53
Dominica;2017;5.88
Dominica;2016;5.21
Dominica;2015;5.41
Dominica;2014;5.46
Dominica;2013;5.3
Dominica;2012;5.83
Dominica;2011;5.33
Dominica;2010;5.57
Dominica;2009;5.61
Dominica;2008;5.47
Dominica;2007;5.36
Dominica;2006;5.23
Dominica;2005;5.23
Dominican Republic;2017;6.14
Dominican Republic;2016;6.1
Dominican Republic;2015;5.98
Dominican Republic;2014;5.85
Dominican Republic;2013;5.76
Dominican Republic;2012;5.89
Dominican Republic;2011;5.67
Dominican Republic;2010;5.58
Dominican Republic;2009;5.09
Dominican Republic;2008;4.73
Dominican Republic;2007;4.21
Dominican Republic;2006;3.99
Dominican Republic;2005;4.35
Ecuador;2017;8.26
Ecuador;2016;8.3
Ecuador;2015;8.59
Ecuador;2014;8.62
Ecuador;2013;8.56
Ecuador;2012;8.48
Ecuador;2011;7.87
Ecuador;2010;7.12
Ecuador;2009;6.44
Ecuador;2008;5.82
Ecuador;2007;5.86
Ecuador;2006;5.69
Ecuador;2005;5.58
Egypt;2017;5.29
Egypt;2016;5.36
Egypt;2015;5.34
Egypt;2014;4.69
Egypt;2013;4.65
Egypt;2012;4.55
Egypt;2011;4.36
Egypt;2010;4.15
Egypt;2009;4.38
Egypt;2008;4.47
Egypt;2007;4.44
Egypt;2006;4.84
Egypt;2005;4.92
El Salvador;2017;7.23
El Salvador;2016;7.72
El Salvador;2015;7.63
El Salvador;2014;7.68
El Salvador;2013;7.72
El Salvador;2012;7.54
El Salvador;2011;8.14
El Salvador;2010;8.24
El Salvador;2009;8.4
El Salvador;2008;7.66
El Salvador;2007;7.64
El Salvador;2006;7.92
El Salvador;2005;8.44
Equatorial Guinea;2017;3.11
Equatorial Guinea;2016;3.16
Equatorial Guinea;2015;2.92
Equatorial Guinea;2014;2.19
Equatorial Guinea;2013;1.88
Equatorial Guinea;2012;1.26
Equatorial Guinea;2011;1.55
Equatorial Guinea;2010;1.82
Equatorial Guinea;2009;1.84
Equatorial Guinea;2008;1.83
Equatorial Guinea;2007;1.57
Equatorial Guinea;2006;1.52
Equatorial Guinea;2005;1.51
Eritrea;2017;2.87
Eritrea;2016;2.91
Eritrea;2015;2.86
Eritrea;2014;2.82
Eritrea;2013;2.83
Eritrea;2012;2.94
Eritrea;2011;4.15
Eritrea;2010;3.46
Eritrea;2009;4.35
Eritrea;2008;3.9
Eritrea;2007;4.09
Eritrea;2006;5.31
Eritrea;2005;5.31
Estonia;2017;6.43
Estonia;2016;6.5
Estonia;2015;6.39
Estonia;2014;6.12
Estonia;2013;6.01
Estonia;2012;5.83
Estonia;2011;5.82
Estonia;2010;6.33
Estonia;2009;6.54
Estonia;2008;5.75
Estonia;2007;5.03
Estonia;2006;4.78
Estonia;2005;5.09
Eswatini;2017;6.93
Eswatini;2016;6.82
Eswatini;2015;7.13
Eswatini;2014;7.33
Eswatini;2013;7.52
Eswatini;2012;7.92
Eswatini;2011;8.47
Eswatini;2010;8.59
Eswatini;2009;8.63
Eswatini;2008;8.86
Eswatini;2007;7.93
Eswatini;2006;7.83
Eswatini;2005;7.38
Ethiopia;2017;3.5
Ethiopia;2016;3.85
Ethiopia;2015;3.94
Ethiopia;2014;4.03
Ethiopia;2013;4.08
Ethiopia;2012;4.54
Ethiopia;2011;4.47
Ethiopia;2010;5.47
Ethiopia;2009;4.65
Ethiopia;2008;4.28
Ethiopia;2007;5
Ethiopia;2006;4.46
Ethiopia;2005;4.1
Fiji;2017;3.5
Fiji;2016;3.53
Fiji;2015;3.57
Fiji;2014;3.65
Fiji;2013;3.47
Fiji;2012;3.54
Fiji;2011;3.4
Fiji;2010;3.7
Fiji;2009;3.83
Fiji;2008;3.45
Fiji;2007;3.73
Fiji;2006;3.66
Fiji;2005;3.56
Finland;2017;9.21
Finland;2016;9.43
Finland;2015;9.7
Finland;2014;9.49
Finland;2013;8.67
Finland;2012;9.3
Finland;2011;8.96
Finland;2010;8.88
Finland;2009;8.88
Finland;2008;8.09
Finland;2007;7.83
Finland;2006;8.01
Finland;2005;8
France;2017;11.31
France;2016;11.48
France;2015;11.46
France;2014;11.57
France;2013;11.44
France;2012;11.32
France;2011;11.2
France;2010;11.24
France;2009;11.3
France;2008;10.51
France;2007;10.33
France;2006;10.4
France;2005;10.21
Gabon;2017;2.78
Gabon;2016;3.11
Gabon;2015;2.66
Gabon;2014;2.53
Gabon;2013;2.84
Gabon;2012;2.42
Gabon;2011;2.56
Gabon;2010;2.48
Gabon;2009;3.84
Gabon;2008;2.79
Gabon;2007;3.15
Gabon;2006;3.15
Gabon;2005;2.93
Gambia;2017;3.28
Gambia;2016;2.96
Gambia;2015;3.1
Gambia;2014;3.46
Gambia;2013;4.06
Gambia;2012;3.92
Gambia;2011;4.01
Gambia;2010;3.35
Gambia;2009;3.5
Gambia;2008;3.54
Gambia;2007;3.59
Gambia;2006;3.34
Gambia;2005;2.84
Georgia;2017;7.6
Georgia;2016;8.42
Georgia;2015;7.93
Georgia;2014;8.44
Georgia;2013;8.4
Georgia;2012;8.37
Georgia;2011;8.39
Georgia;2010;9.55
Georgia;2009;9.84
Georgia;2008;8.68
Georgia;2007;7.64
Georgia;2006;7.85
Georgia;2005;8.3
Germany;2017;11.25
Germany;2016;11.13
Germany;2015;11.09
Germany;2014;10.96
Germany;2013;10.93
Germany;2012;10.78
Germany;2011;10.72
Germany;2010;11.01
Germany;2009;11.14
Germany;2008;10.16
Germany;2007;9.97
Germany;2006;10.12
Germany;2005;10.23
Ghana;2017;3.26
Ghana;2016;3.46
Ghana;2015;4.62
Ghana;2014;4.1
Ghana;2013;4.62
Ghana;2012;4.12
Ghana;2011;4.67
Ghana;2010;4.61
Ghana;2009;4.62
Ghana;2008;4.14
Ghana;2007;3.96
Ghana;2006;3.81
Ghana;2005;3.83
Greece;2017;8.04
Greece;2016;8.28
Greece;2015;8.09
Greece;2014;7.95
Greece;2013;8.41
Greece;2012;8.88
Greece;2011;9.1
Greece;2010;9.56
Greece;2009;9.47
Greece;2008;8.89
Greece;2007;8.45
Greece;2006;8.31
Greece;2005;8.63
Grenada;2017;4.76
Grenada;2016;4.69
Grenada;2015;4.72
Grenada;2014;4.72
Grenada;2013;5.68
Grenada;2012;5.94
Grenada;2011;6.21
Grenada;2010;6.19
Grenada;2009;6.08
Grenada;2008;5.82
Grenada;2007;5.91
Grenada;2006;6.04
Grenada;2005;5.45
Guatemala;2017;5.81
Guatemala;2016;6.01
Guatemala;2015;5.96
Guatemala;2014;5.94
Guatemala;2013;6.17
Guatemala;2012;6.01
Guatemala;2011;5.94
Guatemala;2010;6.15
Guatemala;2009;6.38
Guatemala;2008;6.26
Guatemala;2007;6.36
Guatemala;2006;6.59
Guatemala;2005;6.37
Guinea;2017;4.12
Guinea;2016;5.34
Guinea;2015;5.81
Guinea;2014;4.78
Guinea;2013;3.46
Guinea;2012;3.5
Guinea;2011;3.79
Guinea;2010;3.02
Guinea;2009;2.97
Guinea;2008;2.89
Guinea;2007;3.05
Guinea;2006;2.95
Guinea;2005;3.09
Guinea-Bissau;2017;7.24
Guinea-Bissau;2016;8.04
Guinea-Bissau;2015;8.59
Guinea-Bissau;2014;9.49
Guinea-Bissau;2013;6.89
Guinea-Bissau;2012;5.69
Guinea-Bissau;2011;6.03
Guinea-Bissau;2010;6.65
Guinea-Bissau;2009;7.18
Guinea-Bissau;2008;7.28
Guinea-Bissau;2007;7.56
Guinea-Bissau;2006;7.27
Guinea-Bissau;2005;7.68
Guyana;2017;4.95
Guyana;2016;5.14
Guyana;2015;4.52
Guyana;2014;5.14
Guyana;2013;5.05
Guyana;2012;4.89
Guyana;2011;5.17
Guyana;2010;5.46
Guyana;2009;5.21
Guyana;2008;4.89
Guyana;2007;5.18
Guyana;2006;5.02
Guyana;2005;5.19
Haiti;2017;8.04
Haiti;2016;8.44
Haiti;2015;8.63
Haiti;2014;7.8
Haiti;2013;7.24
Haiti;2012;9.67
Haiti;2011;10.23
Haiti;2010;8.15
Haiti;2009;6.17
Haiti;2008;6.02
Haiti;2007;5.9
Haiti;2006;5.5
Haiti;2005;5.51
Honduras;2017;7.86
Honduras;2016;8.17
Honduras;2015;7.71
Honduras;2014;8.17
Honduras;2013;8.47
Honduras;2012;8.65
Honduras;2011;8.79
Honduras;2010;8.72
Honduras;2009;8.94
Honduras;2008;8.62
Honduras;2007;8.16
Honduras;2006;8.08
Honduras;2005;7.68
Hungary;2017;6.88
Hungary;2016;7.13
Hungary;2015;6.97
Hungary;2014;7.09
Hungary;2013;7.26
Hungary;2012;7.47
Hungary;2011;7.54
Hungary;2010;7.52
Hungary;2009;7.25
Hungary;2008;7.1
Hungary;2007;7.22
Hungary;2006;7.81
Hungary;2005;8
Iceland;2017;8.33
Iceland;2016;8.13
Iceland;2015;8.15
Iceland;2014;8.28
Iceland;2013;8.22
Iceland;2012;8.2
Iceland;2011;8.25
Iceland;2010;8.53
Iceland;2009;8.87
Iceland;2008;8.59
Iceland;2007;8.63
Iceland;2006;8.83
Iceland;2005;9.15
India;2017;3.53
India;2016;3.51
India;2015;3.6
India;2014;3.62
India;2013;3.75
India;2012;3.33
India;2011;3.25
India;2010;3.27
India;2009;3.49
India;2008;3.51
India;2007;3.52
India;2006;3.63
India;2005;3.79
Indonesia;2017;2.99
Indonesia;2016;3.12
Indonesia;2015;3.01
Indonesia;2014;3.12
Indonesia;2013;2.96
Indonesia;2012;2.9
Indonesia;2011;2.96
Indonesia;2010;2.96
Indonesia;2009;2.68
Indonesia;2008;2.61
Indonesia;2007;2.88
Indonesia;2006;2.67
Indonesia;2005;2.58
Iran (Islamic Republic of);2017;8.66
Iran (Islamic Republic of);2016;8.86
Iran (Islamic Republic of);2015;7.76
Iran (Islamic Republic of);2014;6.91
Iran (Islamic Republic of);2013;5.99
Iran (Islamic Republic of);2012;6.64
Iran (Islamic Republic of);2011;6.61
Iran (Islamic Republic of);2010;6.75
Iran (Islamic Republic of);2009;6.56
Iran (Islamic Republic of);2008;5.28
Iran (Islamic Republic of);2007;5.04
Iran (Islamic Republic of);2006;5.2
Iran (Islamic Republic of);2005;5.31
Iraq;2017;4.17
Iraq;2016;3.27
Iraq;2015;3.14
Iraq;2014;2.8
Iraq;2013;2.82
Iraq;2012;2.69
Iraq;2011;2.79
Iraq;2010;3.23
Iraq;2009;3.77
Iraq;2008;3.04
Iraq;2007;3.11
Iraq;2006;2.42
Iraq;2005;2.9
Ireland;2017;7.18
Ireland;2016;7.38
Ireland;2015;7.34
Ireland;2014;9.65
Ireland;2013;10.29
Ireland;2012;10.68
Ireland;2011;10.69
Ireland;2010;10.5
Ireland;2009;10.49
Ireland;2008;9.1
Ireland;2007;7.8
Ireland;2006;7.51
Ireland;2005;7.65
Israel;2017;7.41
Israel;2016;7.33
Israel;2015;7.09
Israel;2014;7.14
Israel;2013;7.07
Israel;2012;7.11
Israel;2011;6.97
Israel;2010;7.02
Israel;2009;7.07
Israel;2008;6.97
Israel;2007;6.89
Israel;2006;6.91
Israel;2005;7.13
Italy;2017;8.84
Italy;2016;8.88
Italy;2015;8.99
Italy;2014;9.01
Italy;2013;8.95
Italy;2012;8.96
Italy;2011;8.83
Italy;2010;8.95
Italy;2009;8.98
Italy;2008;8.56
Italy;2007;8.16
Italy;2006;8.46
Italy;2005;8.36
Jamaica;2017;5.99
Jamaica;2016;5.73
Jamaica;2015;5.66
Jamaica;2014;5.23
Jamaica;2013;5.24
Jamaica;2012;4.99
Jamaica;2011;4.93
Jamaica;2010;5.01
Jamaica;2009;4.79
Jamaica;2008;5.44
Jamaica;2007;5.12
Jamaica;2006;4.48
Jamaica;2005;4.44
Japan;2017;10.94
Japan;2016;10.83
Japan;2015;10.89
Japan;2014;10.83
Japan;2013;10.79
Japan;2012;10.79
Japan;2011;10.62
Japan;2010;9.16
Japan;2009;9.06
Japan;2008;8.2
Japan;2007;7.89
Japan;2006;7.81
Japan;2005;7.78
Jordan;2017;8.12
Jordan;2016;7.17
Jordan;2015;7.59
Jordan;2014;7.31
Jordan;2013;7.25
Jordan;2012;7.88
Jordan;2011;8.3
Jordan;2010;8.39
Jordan;2009;9.5
Jordan;2008;8.75
Jordan;2007;8.3
Jordan;2006;8.06
Jordan;2005;8.86
Kazakhstan;2017;3.13
Kazakhstan;2016;3.43
Kazakhstan;2015;3.05
Kazakhstan;2014;2.71
Kazakhstan;2013;2.87
Kazakhstan;2012;3.06
Kazakhstan;2011;2.69
Kazakhstan;2010;2.74
Kazakhstan;2009;3.5
Kazakhstan;2008;3.05
Kazakhstan;2007;2.7
Kazakhstan;2006;3.4
Kazakhstan;2005;3.9
Kenya;2017;4.8
Kenya;2016;5.02
Kenya;2015;5.22
Kenya;2014;5.46
Kenya;2013;5.52
Kenya;2012;5.61
Kenya;2011;5.81
Kenya;2010;6.12
Kenya;2009;6.03
Kenya;2008;6.05
Kenya;2007;6
Kenya;2006;5.87
Kenya;2005;5.31
Kiribati;2017;10.76
Kiribati;2016;9.32
Kiribati;2015;7.99
Kiribati;2014;9.94
Kiribati;2013;9.46
Kiribati;2012;8.6
Kiribati;2011;8.58
Kiribati;2010;9.21
Kiribati;2009;13.44
Kiribati;2008;14.08
Kiribati;2007;11.35
Kiribati;2006;11.58
Kiribati;2005;11.51
Kuwait;2017;5.29
Kuwait;2016;3.97
Kuwait;2015;4.01
Kuwait;2014;3.2
Kuwait;2013;2.59
Kuwait;2012;2.57
Kuwait;2011;2.62
Kuwait;2010;2.76
Kuwait;2009;3.87
Kuwait;2008;1.93
Kuwait;2007;2.13
Kuwait;2006;2.25
Kuwait;2005;2.38
Kyrgyzstan;2017;6.19
Kyrgyzstan;2016;6.41
Kyrgyzstan;2015;7.15
Kyrgyzstan;2014;7.36
Kyrgyzstan;2013;8.19
Kyrgyzstan;2012;8.51
Kyrgyzstan;2011;7.11
Kyrgyzstan;2010;6.95
Kyrgyzstan;2009;6.9
Kyrgyzstan;2008;6.53
Kyrgyzstan;2007;6.93
Kyrgyzstan;2006;8.31
Kyrgyzstan;2005;7.45
Lao People's Democratic Republic;2017;2.53
Lao People's Democratic Republic;2016;2.36
Lao People's Democratic Republic;2015;2.45
Lao People's Democratic Republic;2014;2.3
Lao People's Democratic Republic;2013;2.4
Lao People's Democratic Republic;2012;2.08
Lao People's Democratic Republic;2011;1.94
Lao People's Democratic Republic;2010;2.91
Lao People's Democratic Republic;2009;3.46
Lao People's Democratic Republic;2008;2.77
Lao People's Democratic Republic;2007;3.15
Lao People's Democratic Republic;2006;2.93
Lao People's Democratic Republic;2005;3.34
Latvia;2017;5.96
Latvia;2016;6.21
Latvia;2015;5.71
Latvia;2014;5.47
Latvia;2013;5.4
Latvia;2012;5.42
Latvia;2011;5.57
Latvia;2010;6.15
Latvia;2009;6.15
Latvia;2008;5.63
Latvia;2007;5.77
Latvia;2006;5.74
Latvia;2005;5.86
Lebanon;2017;8.2
Lebanon;2016;7.82
Lebanon;2015;7.68
Lebanon;2014;7.85
Lebanon;2013;7.58
Lebanon;2012;7.93
Lebanon;2011;8.15
Lebanon;2010;7.44
Lebanon;2009;6.99
Lebanon;2008;7.79
Lebanon;2007;8.54
Lebanon;2006;8.65
Lebanon;2005;7.55
Lesotho;2017;8.76
Lesotho;2016;7.95
Lesotho;2015;8.4
Lesotho;2014;8.62
Lesotho;2013;9.01
Lesotho;2012;8.58
Lesotho;2011;8.8
Lesotho;2010;7.62
Lesotho;2009;8.38
Lesotho;2008;7.25
Lesotho;2007;6.77
Lesotho;2006;5.69
Lesotho;2005;5.07
Liberia;2017;8.16
Liberia;2016;9.8
Liberia;2015;10.29
Liberia;2014;9.06
Liberia;2013;8.19
Liberia;2012;8.59
Liberia;2011;9.23
Liberia;2010;8.79
Liberia;2009;9.42
Liberia;2008;7.37
Liberia;2007;9.28
Liberia;2006;7.38
Liberia;2005;8.85
Libya;2011;6.05
Libya;2010;3.59
Libya;2009;4.29
Libya;2008;2.64
Libya;2007;2.44
Libya;2006;2.51
Libya;2005;2.6
Lithuania;2017;6.46
Lithuania;2016;6.64
Lithuania;2015;6.48
Lithuania;2014;6.2
Lithuania;2013;6.14
Lithuania;2012;6.29
Lithuania;2011;6.5
Lithuania;2010;6.82
Lithuania;2009;7.36
Lithuania;2008;6.29
Lithuania;2007;5.76
Lithuania;2006;5.84
Lithuania;2005;5.64
Luxembourg;2017;5.48
Luxembourg;2016;5.47
Luxembourg;2015;5.48
Luxembourg;2014;5.56
Luxembourg;2013;5.67
Luxembourg;2012;6.57
Luxembourg;2011;6.11
Luxembourg;2010;7.03
Luxembourg;2009;7.34
Luxembourg;2008;6.54
Luxembourg;2007;6.23
Luxembourg;2006;6.71
Luxembourg;2005;7.18
Madagascar;2017;5.5
Madagascar;2016;6.12
Madagascar;2015;5.72
Madagascar;2014;5.08
Madagascar;2013;4.23
Madagascar;2012;4.41
Madagascar;2011;5.19
Madagascar;2010;5.32
Madagascar;2009;5.01
Madagascar;2008;4.72
Madagascar;2007;5.21
Madagascar;2006;5.89
Madagascar;2005;6.01
Malawi;2017;9.65
Malawi;2016;9.69
Malawi;2015;9.33
Malawi;2014;9.71
Malawi;2013;11.58
Malawi;2012;8.48
Malawi;2011;7.49
Malawi;2010;7.24
Malawi;2009;8.27
Malawi;2008;8.6
Malawi;2007;7.66
Malawi;2006;6.92
Malawi;2005;6.06
Malaysia;2017;3.86
Malaysia;2016;3.8
Malaysia;2015;3.89
Malaysia;2014;3.77
Malaysia;2013;3.57
Malaysia;2012;3.55
Malaysia;2011;3.39
Malaysia;2010;3.23
Malaysia;2009;3.32
Malaysia;2008;3.08
Malaysia;2007;3.12
Malaysia;2006;3.17
Malaysia;2005;2.84
Maldives;2017;9.03
Maldives;2016;10.2
Maldives;2015;8.69
Maldives;2014;7.91
Maldives;2013;8.14
Maldives;2012;8.67
Maldives;2011;7.92
Maldives;2010;8.49
Maldives;2009;10.09
Maldives;2008;11.47
Maldives;2007;8.31
Maldives;2006;8.05
Maldives;2005;8.83
Mali;2017;3.79
Mali;2016;3.78
Mali;2015;4.11
Mali;2014;4.48
Mali;2013;3.97
Mali;2012;3.68
Mali;2011;3.95
Mali;2010;4.61
Mali;2009;5.09
Mali;2008;4.93
Mali;2007;5.11
Mali;2006;5.32
Mali;2005;5.05
Malta;2017;9.34
Malta;2016;9.17
Malta;2015;9.24
Malta;2014;9.37
Malta;2013;8.83
Malta;2012;8.61
Malta;2011;8.56
Malta;2010;8.21
Malta;2009;8.08
Malta;2008;7.96
Malta;2007;8.22
Malta;2006;8.84
Malta;2005;8.68
Marshall Islands;2017;16.4
Marshall Islands;2016;17.86
Marshall Islands;2015;17.59
Marshall Islands;2014;14.92
Marshall Islands;2013;14.81
Marshall Islands;2012;14.49
Marshall Islands;2011;14.77
Marshall Islands;2010;15.25
Marshall Islands;2009;16.06
Marshall Islands;2008;16.9
Marshall Islands;2007;17.51
Marshall Islands;2006;21.47
Marshall Islands;2005;21.61
Mauritania;2017;4.4
Mauritania;2016;4.13
Mauritania;2015;4.74
Mauritania;2014;4.28
Mauritania;2013;3.69
Mauritania;2012;3.42
Mauritania;2011;3.24
Mauritania;2010;3.42
Mauritania;2009;4.01
Mauritania;2008;3.89
Mauritania;2007;3.72
Mauritania;2006;3.48
Mauritania;2005;4.58
Mauritius;2017;5.72
Mauritius;2016;5.71
Mauritius;2015;5.7
Mauritius;2014;5.49
Mauritius;2013;4.68
Mauritius;2012;4.28
Mauritius;2011;4.31
Mauritius;2010;4.58
Mauritius;2009;4.23
Mauritius;2008;3.99
Mauritius;2007;3.57
Mauritius;2006;3.65
Mauritius;2005;3.57
Mexico;2017;5.52
Mexico;2016;5.62
Mexico;2015;5.8
Mexico;2014;5.63
Mexico;2013;5.94
Mexico;2012;5.84
Mexico;2011;5.7
Mexico;2010;5.98
Mexico;2009;6.13
Mexico;2008;5.7
Mexico;2007;5.77
Mexico;2006;5.66
Mexico;2005;5.84
Micronesia (Federated States of);2017;12.35
Micronesia (Federated States of);2016;12.59
Micronesia (Federated States of);2015;12.53
Micronesia (Federated States of);2014;11.8
Micronesia (Federated States of);2013;12.18
Micronesia (Federated States of);2012;12.31
Micronesia (Federated States of);2011;13.1
Micronesia (Federated States of);2010;13.11
Micronesia (Federated States of);2009;12.55
Micronesia (Federated States of);2008;11.99
Micronesia (Federated States of);2007;11.06
Micronesia (Federated States of);2006;10.74
Micronesia (Federated States of);2005;17.73
Monaco;2017;1.77
Monaco;2016;1.75
Monaco;2015;2.03
Monaco;2014;2.09
Monaco;2013;2.15
Monaco;2012;2.23
Monaco;2011;2.18
Monaco;2010;2.33
Monaco;2009;2.28
Monaco;2008;1.92
Monaco;2007;1.79
Monaco;2006;2.02
Monaco;2005;2.12
Mongolia;2017;4
Mongolia;2016;4.42
Mongolia;2015;4.24
Mongolia;2014;4.19
Mongolia;2013;4.07
Mongolia;2012;3.85
Mongolia;2011;3.59
Mongolia;2010;3.74
Mongolia;2009;4.46
Mongolia;2008;4.56
Mongolia;2007;4.08
Mongolia;2006;3.75
Mongolia;2005;3.76
Morocco;2017;5.25
Morocco;2016;5.24
Morocco;2015;5.07
Morocco;2014;5.3
Morocco;2013;5.69
Morocco;2012;5.75
Morocco;2011;5.73
Morocco;2010;5.86
Morocco;2009;5.84
Morocco;2008;5.3
Morocco;2007;5.42
Morocco;2006;4.94
Morocco;2005;4.76
Mozambique;2017;4.94
Mozambique;2016;5.15
Mozambique;2015;5.27
Mozambique;2014;5.97
Mozambique;2013;5.42
Mozambique;2012;5.22
Mozambique;2011;4.48
Mozambique;2010;5.12
Mozambique;2009;4.96
Mozambique;2008;4.57
Mozambique;2007;5.46
Mozambique;2006;6.16
Mozambique;2005;6.44
Myanmar;2017;4.66
Myanmar;2016;4.77
Myanmar;2015;5.2
Myanmar;2014;4.15
Myanmar;2013;3.05
Myanmar;2012;2.32
Myanmar;2011;1.78
Myanmar;2010;1.83
Myanmar;2009;2.05
Myanmar;2008;1.94
Myanmar;2007;1.73
Myanmar;2006;1.94
Myanmar;2005;2.01
Namibia;2017;8.55
Namibia;2016;9.11
Namibia;2015;9.94
Namibia;2014;8.39
Namibia;2013;8.93
Namibia;2012;9.51
Namibia;2011;9.82
Namibia;2010;9.72
Namibia;2009;9.04
Namibia;2008;9.92
Namibia;2007;10.77
Namibia;2006;10.24
Namibia;2005;10.31
Nauru;2017;11.02
Nauru;2016;13.86
Nauru;2015;13.25
Nauru;2014;9.09
Nauru;2013;8.43
Nauru;2012;7.45
Nauru;2011;8.18
Nauru;2010;10.43
Nauru;2009;10.38
Nauru;2008;19.5
Nauru;2007;25.48
Nauru;2006;14.36
Nauru;2005;12.57
Nepal;2017;5.55
Nepal;2016;6.28
Nepal;2015;6.22
Nepal;2014;5.77
Nepal;2013;5.32
Nepal;2012;5.17
Nepal;2011;5.08
Nepal;2010;4.97
Nepal;2009;4.45
Nepal;2008;4.35
Nepal;2007;4.19
Nepal;2006;4.04
Nepal;2005;4.51
Netherlands;2017;10.1
Netherlands;2016;10.3
Netherlands;2015;10.32
Netherlands;2014;10.57
Netherlands;2013;10.58
Netherlands;2012;10.54
Netherlands;2011;10.23
Netherlands;2010;10.16
Netherlands;2009;9.99
Netherlands;2008;9.28
Netherlands;2007;9.05
Netherlands;2006;9.08
Netherlands;2005;9.1
New Zealand;2017;9.17
New Zealand;2016;9.29
New Zealand;2015;9.33
New Zealand;2014;9.42
New Zealand;2013;9.37
New Zealand;2012;9.65
New Zealand;2011;9.51
New Zealand;2010;9.59
New Zealand;2009;9.62
New Zealand;2008;9.11
New Zealand;2007;8.32
New Zealand;2006;8.63
New Zealand;2005;8.27
Nicaragua;2017;8.65
Nicaragua;2016;8.79
Nicaragua;2015;8
Nicaragua;2014;8.01
Nicaragua;2013;7.52
Nicaragua;2012;7.65
Nicaragua;2011;7.42
Nicaragua;2010;7.05
Nicaragua;2009;7.51
Nicaragua;2008;7.01
Nicaragua;2007;6.91
Nicaragua;2006;6.05
Nicaragua;2005;6.08
Niger;2017;7.74
Niger;2016;6.16
Niger;2015;7.14
Niger;2014;5.85
Niger;2013;5.94
Niger;2012;5.84
Niger;2011;6.65
Niger;2010;6.87
Niger;2009;7.94
Niger;2008;7.39
Niger;2007;7.63
Niger;2006;8.28
Niger;2005;8.2
Nigeria;2017;3.76
Nigeria;2016;3.65
Nigeria;2015;3.58
Nigeria;2014;3.35
Nigeria;2013;3.42
Nigeria;2012;3.36
Nigeria;2011;3.32
Nigeria;2010;3.3
Nigeria;2009;3.58
Nigeria;2008;3.7
Nigeria;2007;3.91
Nigeria;2006;4.26
Nigeria;2005;4.47
Niue;2017;8.63
Niue;2016;7.75
Niue;2015;8.19
Niue;2014;10.52
Niue;2013;9.16
Niue;2012;8.31
Niue;2011;15.84
Niue;2010;10.32
Niue;2009;16.86
Niue;2008;16.11
Niue;2007;12.81
Niue;2006;42.19
Niue;2005;10.64
Norway;2017;10.45
Norway;2016;10.52
Norway;2015;10.11
Norway;2014;9.33
Norway;2013;8.92
Norway;2012;8.77
Norway;2011;8.78
Norway;2010;8.9
Norway;2009;9.06
Norway;2008;7.96
Norway;2007;8.05
Norway;2006;7.92
Norway;2005;8.33
Oman;2017;3.85
Oman;2016;4.33
Oman;2015;4.3
Oman;2014;3.53
Oman;2013;2.79
Oman;2012;2.55
Oman;2011;2.55
Oman;2010;2.82
Oman;2009;2.83
Oman;2008;2.01
Oman;2007;2.43
Oman;2006;2.31
Oman;2005;2.59
Pakistan;2017;2.9
Pakistan;2016;2.86
Pakistan;2015;2.69
Pakistan;2014;2.72
Pakistan;2013;2.6
Pakistan;2012;2.36
Pakistan;2011;2.34
Pakistan;2010;2.6
Pakistan;2009;2.61
Pakistan;2008;2.92
Pakistan;2007;3.14
Pakistan;2006;3.01
Pakistan;2005;2.71
Palau;2017;11.96
Palau;2016;11.84
Palau;2015;10.89
Palau;2014;12.02
Palau;2013;12.01
Palau;2012;11.42
Palau;2011;10.82
Palau;2010;11.61
Palau;2009;10.36
Palau;2008;9.5
Palau;2007;9.96
Palau;2006;9.72
Palau;2005;9.34
Panama;2017;7.32
Panama;2016;7.24
Panama;2015;6.81
Panama;2014;6.91
Panama;2013;6.65
Panama;2012;6.58
Panama;2011;6.62
Panama;2010;7.17
Panama;2009;6.99
Panama;2008;6.85
Panama;2007;6.93
Panama;2006;6.55
Panama;2005;6.2
Papua New Guinea;2017;2.47
Papua New Guinea;2016;2.54
Papua New Guinea;2015;1.91
Papua New Guinea;2014;3.29
Papua New Guinea;2013;3
Papua New Guinea;2012;2.67
Papua New Guinea;2011;2.29
Papua New Guinea;2010;2.11
Papua New Guinea;2009;2.33
Papua New Guinea;2008;2.14
Papua New Guinea;2007;2.42
Papua New Guinea;2006;2.44
Papua New Guinea;2005;2.46
Paraguay;2017;6.65
Paraguay;2016;6.73
Paraguay;2015;6.75
Paraguay;2014;6.65
Paraguay;2013;6.07
Paraguay;2012;6.54
Paraguay;2011;5.05
Paraguay;2010;4.62
Paraguay;2009;4.47
Paraguay;2008;4.16
Paraguay;2007;4.18
Paraguay;2006;4.23
Paraguay;2005;4.08
Peru;2017;5
Peru;2016;5.06
Peru;2015;5.03
Peru;2014;5
Peru;2013;4.7
Peru;2012;4.76
Peru;2011;4.62
Peru;2010;4.72
Peru;2009;4.96
Peru;2008;4.44
Peru;2007;4.4
Peru;2006;4.52
Peru;2005;4.54
Philippines;2017;4.45
Philippines;2016;4.41
Philippines;2015;4.32
Philippines;2014;4.13
Philippines;2013;4.46
Philippines;2012;4.37
Philippines;2011;4.21
Philippines;2010;4.31
Philippines;2009;4.35
Philippines;2008;4.03
Philippines;2007;3.92
Philippines;2006;3.95
Philippines;2005;3.9
Poland;2017;6.54
Poland;2016;6.54
Poland;2015;6.4
Poland;2014;6.35
Poland;2013;6.38
Poland;2012;6.2
Poland;2011;6.23
Poland;2010;6.42
Poland;2009;6.59
Poland;2008;6.37
Poland;2007;5.87
Poland;2006;5.8
Poland;2005;5.81
Portugal;2017;8.97
Portugal;2016;9.04
Portugal;2015;8.97
Portugal;2014;9.02
Portugal;2013;9.09
Portugal;2012;9.35
Portugal;2011;9.53
Portugal;2010;9.82
Portugal;2009;9.88
Portugal;2008;9.35
Portugal;2007;9.07
Portugal;2006;9.14
Portugal;2005;9.43
Qatar;2017;2.61
Qatar;2016;3.05
Qatar;2015;3.12
Qatar;2014;2.42
Qatar;2013;2.08
Qatar;2012;1.75
Qatar;2011;1.6
Qatar;2010;1.79
Qatar;2009;2.15
Qatar;2008;1.6
Qatar;2007;1.97
Qatar;2006;2.2
Qatar;2005;2.57
Republic of Korea;2017;7.6
Republic of Korea;2016;7.33
Republic of Korea;2015;7.05
Republic of Korea;2014;6.82
Republic of Korea;2013;6.58
Republic of Korea;2012;6.44
Republic of Korea;2011;6.29
Republic of Korea;2010;6.22
Republic of Korea;2009;6.09
Republic of Korea;2008;5.68
Republic of Korea;2007;5.38
Republic of Korea;2006;5.18
Republic of Korea;2005;4.84
Republic of Moldova;2017;7.01
Republic of Moldova;2016;7.54
Republic of Moldova;2015;8.56
Republic of Moldova;2014;8.63
Republic of Moldova;2013;8.68
Republic of Moldova;2012;9.14
Republic of Moldova;2011;9.1
Republic of Moldova;2010;10.13
Republic of Moldova;2009;11.4
Republic of Moldova;2008;9.12
Republic of Moldova;2007;9.18
Republic of Moldova;2006;8.79
Republic of Moldova;2005;7.96
The former Yugoslav Republic of Macedonia;2017;6.06
The former Yugoslav Republic of Macedonia;2016;6.38
The former Yugoslav Republic of Macedonia;2015;6.34
The former Yugoslav Republic of Macedonia;2014;6.29
The former Yugoslav Republic of Macedonia;2013;6.72
The former Yugoslav Republic of Macedonia;2012;6.61
The former Yugoslav Republic of Macedonia;2011;6.52
The former Yugoslav Republic of Macedonia;2010;6.71
The former Yugoslav Republic of Macedonia;2009;6.53
The former Yugoslav Republic of Macedonia;2008;6.55
The former Yugoslav Republic of Macedonia;2007;6.57
The former Yugoslav Republic of Macedonia;2006;7.38
The former Yugoslav Republic of Macedonia;2005;7.68
Romania;2017;5.16
Romania;2016;4.99
Romania;2015;4.94
Romania;2014;5.03
Romania;2013;5.19
Romania;2012;4.72
Romania;2011;4.7
Romania;2010;5.77
Romania;2009;5.28
Romania;2008;5.02
Romania;2007;5.02
Romania;2006;5.07
Romania;2005;5.53
Russian Federation;2017;5.34
Russian Federation;2016;5.27
Russian Federation;2015;5.3
Russian Federation;2014;5.19
Russian Federation;2013;5.09
Russian Federation;2012;4.95
Russian Federation;2011;4.8
Russian Federation;2010;4.97
Russian Federation;2009;5.65
Russian Federation;2008;4.91
Russian Federation;2007;4.75
Russian Federation;2006;4.77
Russian Federation;2005;4.77
Rwanda;2017;6.57
Rwanda;2016;6.76
Rwanda;2015;6.52
Rwanda;2014;6.9
Rwanda;2013;6.76
Rwanda;2012;8.35
Rwanda;2011;8.36
Rwanda;2010;8.64
Rwanda;2009;8.45
Rwanda;2008;8.47
Rwanda;2007;9.09
Rwanda;2006;9.07
Rwanda;2005;8.78
Saint Kitts and Nevis;2017;5.04
Saint Kitts and Nevis;2016;4.98
Saint Kitts and Nevis;2015;4.92
Saint Kitts and Nevis;2014;4.85
Saint Kitts and Nevis;2013;5.2
Saint Kitts and Nevis;2012;5.17
Saint Kitts and Nevis;2011;5.27
Saint Kitts and Nevis;2010;5.3
Saint Kitts and Nevis;2009;5.34
Saint Kitts and Nevis;2008;5.2
Saint Kitts and Nevis;2007;4.57
Saint Kitts and Nevis;2006;4.88
Saint Kitts and Nevis;2005;4.48
Saint Lucia;2017;4.55
Saint Lucia;2016;5.2
Saint Lucia;2015;4.8
Saint Lucia;2014;4.96
Saint Lucia;2013;5.78
Saint Lucia;2012;5.58
Saint Lucia;2011;5.61
Saint Lucia;2010;5.35
Saint Lucia;2009;5.74
Saint Lucia;2008;5.64
Saint Lucia;2007;5.76
Saint Lucia;2006;5.73
Saint Lucia;2005;5.43
Saint Vincent and the Grenadines;2017;4.49
Saint Vincent and the Grenadines;2016;4.35
Saint Vincent and the Grenadines;2015;4.26
Saint Vincent and the Grenadines;2014;4.4
Saint Vincent and the Grenadines;2013;4.57
Saint Vincent and the Grenadines;2012;4.69
Saint Vincent and the Grenadines;2011;4.47
Saint Vincent and the Grenadines;2010;4.55
Saint Vincent and the Grenadines;2009;4.33
Saint Vincent and the Grenadines;2008;4.09
Saint Vincent and the Grenadines;2007;4.18
Saint Vincent and the Grenadines;2006;3.85
Saint Vincent and the Grenadines;2005;4.04
Samoa;2017;5.48
Samoa;2016;5.53
Samoa;2015;5.67
Samoa;2014;6.23
Samoa;2013;6.17
Samoa;2012;4.82
Samoa;2011;5.42
Samoa;2010;5.49
Samoa;2009;5.41
Samoa;2008;4.66
Samoa;2007;4.87
Samoa;2006;5.02
Samoa;2005;4.76
San Marino;2017;7.36
San Marino;2016;6.83
San Marino;2015;7.35
San Marino;2014;7.57
San Marino;2013;7.73
San Marino;2012;8.01
San Marino;2011;7.44
San Marino;2010;6.62
San Marino;2009;6.28
San Marino;2008;5.45
San Marino;2007;5.14
San Marino;2006;4.99
San Marino;2005;4.93
Sao Tome and Principe;2017;6.23
Sao Tome and Principe;2016;6.22
Sao Tome and Principe;2015;5.39
Sao Tome and Principe;2014;6.73
Sao Tome and Principe;2013;7.94
Sao Tome and Principe;2012;6.48
Sao Tome and Principe;2011;6.76
Sao Tome and Principe;2010;6.85
Sao Tome and Principe;2009;7.19
Sao Tome and Principe;2008;7.11
Sao Tome and Principe;2007;8.17
Sao Tome and Principe;2006;8.28
Sao Tome and Principe;2005;11.52
Saudi Arabia;2017;5.23
Saudi Arabia;2016;5.84
Saudi Arabia;2015;6
Saudi Arabia;2014;5.23
Saudi Arabia;2013;4.47
Saudi Arabia;2012;4.02
Saudi Arabia;2011;3.71
Saudi Arabia;2010;3.65
Saudi Arabia;2009;4.29
Saudi Arabia;2008;2.97
Saudi Arabia;2007;3.56
Saudi Arabia;2006;3.62
Saudi Arabia;2005;3.42
Senegal;2017;4.13
Senegal;2016;4.27
Senegal;2015;4.38
Senegal;2014;4.4
Senegal;2013;4.37
Senegal;2012;4.23
Senegal;2011;4.19
Senegal;2010;4
Senegal;2009;3.8
Senegal;2008;3.47
Senegal;2007;3.34
Senegal;2006;3.71
Senegal;2005;3.67
Serbia;2017;8.43
Serbia;2016;8.65
Serbia;2015;8.82
Serbia;2014;9.25
Serbia;2013;9.31
Serbia;2012;9.33
Serbia;2011;9.11
Serbia;2010;9.53
Serbia;2009;9.35
Serbia;2008;9.48
Serbia;2007;9.38
Serbia;2006;8.49
Serbia;2005;8.28
Seychelles;2017;5.01
Seychelles;2016;5.18
Seychelles;2015;4.59
Seychelles;2014;4.74
Seychelles;2013;4.51
Seychelles;2012;5.73
Seychelles;2011;4.8
Seychelles;2010;4.83
Seychelles;2009;3.88
Seychelles;2008;3.99
Seychelles;2007;4.09
Seychelles;2006;4.68
Seychelles;2005;4.98
Sierra Leone;2017;13.42
Sierra Leone;2016;16.53
Sierra Leone;2015;20.41
Sierra Leone;2014;19.73
Sierra Leone;2013;11.57
Sierra Leone;2012;10.59
Sierra Leone;2011;13.28
Sierra Leone;2010;10.94
Sierra Leone;2009;11.1
Sierra Leone;2008;9.87
Sierra Leone;2007;10.04
Sierra Leone;2006;10.39
Sierra Leone;2005;11.04
Singapore;2017;4.44
Singapore;2016;4.42
Singapore;2015;4.2
Singapore;2014;3.89
Singapore;2013;3.71
Singapore;2012;3.37
Singapore;2011;3.19
Singapore;2010;3.25
Singapore;2009;3.43
Singapore;2008;3.22
Singapore;2007;2.85
Singapore;2006;2.95
Singapore;2005;3.04
Slovakia;2017;6.74
Slovakia;2016;7.1
Slovakia;2015;6.85
Slovakia;2014;6.91
Slovakia;2013;7.53
Slovakia;2012;7.63
Slovakia;2011;7.42
Slovakia;2010;7.8
Slovakia;2009;7.96
Slovakia;2008;6.97
Slovakia;2007;7.19
Slovakia;2006;6.86
Slovakia;2005;6.6
Slovenia;2017;8.19
Slovenia;2016;8.48
Slovenia;2015;8.5
Slovenia;2014;8.51
Slovenia;2013;8.79
Slovenia;2012;8.76
Slovenia;2011;8.57
Slovenia;2010;8.59
Slovenia;2009;8.56
Slovenia;2008;7.85
Slovenia;2007;7.49
Slovenia;2006;7.8
Slovenia;2005;7.97
Solomon Islands;2017;4.68
Solomon Islands;2016;5.17
Solomon Islands;2015;5.25
Solomon Islands;2014;5.88
Solomon Islands;2013;5.5
Solomon Islands;2012;5.59
Solomon Islands;2011;7.1
Solomon Islands;2010;7.26
Solomon Islands;2009;7.9
Solomon Islands;2008;8.07
Solomon Islands;2007;8.75
Solomon Islands;2006;9.28
Solomon Islands;2005;10.14
South Africa;2017;8.11
South Africa;2016;8.1
South Africa;2015;8.2
South Africa;2014;7.93
South Africa;2013;7.72
South Africa;2012;7.75
South Africa;2011;7.5
South Africa;2010;7.42
South Africa;2009;7.11
South Africa;2008;6.55
South Africa;2007;6.43
South Africa;2006;6.59
South Africa;2005;6.71
South Sudan;2017;9.76
Spain;2017;8.87
Spain;2016;8.97
Spain;2015;9.11
Spain;2014;9.02
Spain;2013;9.02
Spain;2012;9.07
Spain;2011;9.08
Spain;2010;9.01
Spain;2009;8.98
Spain;2008;8.29
Spain;2007;7.83
Spain;2006;7.75
Spain;2005;7.67
Sri Lanka;2017;3.81
Sri Lanka;2016;3.89
Sri Lanka;2015;3.89
Sri Lanka;2014;3.61
Sri Lanka;2013;3.83
Sri Lanka;2012;3.4
Sri Lanka;2011;3.72
Sri Lanka;2010;3.87
Sri Lanka;2009;4.19
Sri Lanka;2008;3.98
Sri Lanka;2007;3.95
Sri Lanka;2006;3.98
Sri Lanka;2005;4.01
Sudan;2017;6.34
Sudan;2016;6.4
Sudan;2015;7.18
Sudan;2014;5.68
Sudan;2013;6.96
Sudan;2012;5.69
Sudan;2011;5.62
Sudan (until 2011);2010;5.06
Sudan (until 2011);2009;6.39
Sudan (until 2011);2008;5.42
Sudan (until 2011);2007;5.66
Sudan (until 2011);2006;4.89
Sudan (until 2011);2005;4.09
Suriname;2017;6.23
Suriname;2016;6.28
Suriname;2015;6.22
Suriname;2014;4.84
Suriname;2013;4.8
Suriname;2012;4.59
Suriname;2011;4.72
Suriname;2010;5.03
Suriname;2009;5.33
Suriname;2008;5.08
Suriname;2007;5.59
Suriname;2006;6.27
Suriname;2005;5.61
Sweden;2017;11.02
Sweden;2016;10.98
Sweden;2015;11
Sweden;2014;11.13
Sweden;2013;11.09
Sweden;2012;10.93
Sweden;2011;10.67
Sweden;2010;8.48
Sweden;2009;8.93
Sweden;2008;8.3
Sweden;2007;8.06
Sweden;2006;8.15
Sweden;2005;8.27
Switzerland;2017;12.35
Switzerland;2016;12.22
Switzerland;2015;11.88
Switzerland;2014;11.49
Switzerland;2013;11.31
Switzerland;2012;11.06
Switzerland;2011;10.77
Switzerland;2010;10.7
Switzerland;2009;10.81
Switzerland;2008;10.15
Switzerland;2007;10.02
Switzerland;2006;10.21
Switzerland;2005;10.82
Syrian Arab Republic;2012;3.57
Syrian Arab Republic;2011;3.33
Syrian Arab Republic;2010;3.28
Syrian Arab Republic;2009;3.55
Syrian Arab Republic;2008;3.4
Syrian Arab Republic;2007;3.72
Syrian Arab Republic;2006;3.78
Syrian Arab Republic;2005;4.11
Tajikistan;2017;7.23
Tajikistan;2016;7
Tajikistan;2015;6.91
Tajikistan;2014;6.67
Tajikistan;2013;6.53
Tajikistan;2012;5.98
Tajikistan;2011;5.86
Tajikistan;2010;5.74
Tajikistan;2009;5.86
Tajikistan;2008;5.91
Tajikistan;2007;5.54
Tajikistan;2006;5.03
Tajikistan;2005;5.21
Thailand;2017;3.75
Thailand;2016;3.76
Thailand;2015;3.67
Thailand;2014;3.68
Thailand;2013;3.45
Thailand;2012;3.52
Thailand;2011;3.57
Thailand;2010;3.39
Thailand;2009;3.62
Thailand;2008;3.46
Thailand;2007;3.19
Thailand;2006;3.1
Thailand;2005;3.16
Timor-Leste;2017;3.88
Timor-Leste;2016;4.02
Timor-Leste;2015;3.49
Timor-Leste;2014;2.36
Timor-Leste;2013;1.71
Timor-Leste;2012;1.22
Timor-Leste;2011;1.26
Timor-Leste;2010;1.43
Timor-Leste;2009;1.66
Timor-Leste;2008;1.03
Timor-Leste;2007;1.06
Timor-Leste;2006;1.03
Timor-Leste;2005;1.34
Togo;2017;6.2
Togo;2016;6.58
Togo;2015;6.25
Togo;2014;6.36
Togo;2013;6.3
Togo;2012;6.14
Togo;2011;6
Togo;2010;5.9
Togo;2009;4.96
Togo;2008;4.44
Togo;2007;4.43
Togo;2006;4.16
Togo;2005;3.97
Tonga;2017;5.27
Tonga;2016;5.18
Tonga;2015;4.65
Tonga;2014;5.11
Tonga;2013;4.18
Tonga;2012;5.06
Tonga;2011;3.86
Tonga;2010;4.74
Tonga;2009;3.88
Tonga;2008;6.13
Tonga;2007;4.6
Tonga;2006;5.51
Tonga;2005;4.16
Trinidad and Tobago;2017;6.98
Trinidad and Tobago;2016;6.87
Trinidad and Tobago;2015;6.04
Trinidad and Tobago;2014;5.23
Trinidad and Tobago;2013;5.04
Trinidad and Tobago;2012;4.88
Trinidad and Tobago;2011;4.72
Trinidad and Tobago;2010;5.08
Trinidad and Tobago;2009;5.49
Trinidad and Tobago;2008;3.66
Trinidad and Tobago;2007;4.15
Trinidad and Tobago;2006;4.15
Trinidad and Tobago;2005;4.43
Tunisia;2017;7.23
Tunisia;2016;7
Tunisia;2015;7.01
Tunisia;2014;6.81
Tunisia;2013;6.86
Tunisia;2012;6.61
Tunisia;2011;6.43
Tunisia;2010;5.88
Tunisia;2009;5.67
Tunisia;2008;5.42
Tunisia;2007;5.43
Tunisia;2006;5.38
Tunisia;2005;5.4
Turkey;2017;4.22
Turkey;2016;4.31
Turkey;2015;4.14
Turkey;2014;4.35
Turkey;2013;4.4
Turkey;2012;4.48
Turkey;2011;4.69
Turkey;2010;5.05
Turkey;2009;5.53
Turkey;2008;5.26
Turkey;2007;5.28
Turkey;2006;5.19
Turkey;2005;4.94
Turkmenistan;2017;6.93
Turkmenistan;2016;6.62
Turkmenistan;2015;6.3
Turkmenistan;2014;5.5
Turkmenistan;2013;5.15
Turkmenistan;2012;4.78
Turkmenistan;2011;4.9
Turkmenistan;2010;5
Turkmenistan;2009;4.81
Turkmenistan;2008;5.91
Turkmenistan;2007;5.29
Turkmenistan;2006;8.41
Turkmenistan;2005;9.56
Tuvalu;2017;17.14
Tuvalu;2016;16.88
Tuvalu;2015;16.7
Tuvalu;2014;16.86
Tuvalu;2013;18.13
Tuvalu;2012;15.33
Tuvalu;2011;15.39
Tuvalu;2010;16.4
Tuvalu;2009;14.36
Tuvalu;2008;10.74
Tuvalu;2007;11.27
Tuvalu;2006;13.38
Tuvalu;2005;11.36
Uganda;2017;6.27
Uganda;2016;6.41
Uganda;2015;6.79
Uganda;2014;6.97
Uganda;2013;7.25
Uganda;2012;7.87
Uganda;2011;8.92
Uganda;2010;10.52
Uganda;2009;9.74
Uganda;2008;10.4
Uganda;2007;11.68
Uganda;2006;11.79
Uganda;2005;11.36
Ukraine;2017;7
Ukraine;2016;6.76
Ukraine;2015;6.95
Ukraine;2014;6.64
Ukraine;2013;7.36
Ukraine;2012;7.12
Ukraine;2011;6.82
Ukraine;2010;6.81
Ukraine;2009;6.61
Ukraine;2008;5.5
Ukraine;2007;6.02
Ukraine;2006;6.42
Ukraine;2005;6.35
United Arab Emirates;2017;3.33
United Arab Emirates;2016;3.4
United Arab Emirates;2015;3.58
United Arab Emirates;2014;3.63
United Arab Emirates;2013;3.59
United Arab Emirates;2012;3.43
United Arab Emirates;2011;3.67
United Arab Emirates;2010;3.88
United Arab Emirates;2009;4.05
United Arab Emirates;2008;2.93
United Arab Emirates;2007;2.57
United Arab Emirates;2006;2.33
United Arab Emirates;2005;2.32
United Kingdom;2017;9.63
United Kingdom;2016;9.7
United Kingdom;2015;9.69
United Kingdom;2014;9.76
United Kingdom;2013;9.77
United Kingdom;2012;8.29
United Kingdom;2011;8.38
United Kingdom;2010;8.43
United Kingdom;2009;8.48
United Kingdom;2008;7.65
United Kingdom;2007;7.41
United Kingdom;2006;7.31
United Kingdom;2005;7.17
United Republic of Tanzania;2017;3.65
United Republic of Tanzania;2016;3.96
United Republic of Tanzania;2015;3.65
United Republic of Tanzania;2014;4.01
United Republic of Tanzania;2013;4.65
United Republic of Tanzania;2012;5.02
United Republic of Tanzania;2011;5.13
United Republic of Tanzania;2010;5.3
United Republic of Tanzania;2009;5.14
United Republic of Tanzania;2008;5.64
United Republic of Tanzania;2007;6.98
United Republic of Tanzania;2006;7.71
United Republic of Tanzania;2005;6.41
United States of America;2017;17.06
United States of America;2016;17.2
United States of America;2015;16.84
United States of America;2014;16.53
United States of America;2013;16.35
United States of America;2012;16.37
United States of America;2011;16.38
United States of America;2010;16.41
United States of America;2009;16.34
United States of America;2008;15.3
United States of America;2007;14.9
United States of America;2006;14.66
United States of America;2005;14.54
Uruguay;2017;9.3
Uruguay;2016;9.16
Uruguay;2015;9.01
Uruguay;2014;8.77
Uruguay;2013;8.82
Uruguay;2012;8.76
Uruguay;2011;8.64
Uruguay;2010;8.59
Uruguay;2009;8.64
Uruguay;2008;8.83
Uruguay;2007;8.14
Uruguay;2006;8.41
Uruguay;2005;8.43
Uzbekistan;2017;6.41
Uzbekistan;2016;6.31
Uzbekistan;2015;6.1
Uzbekistan;2014;5.68
Uzbekistan;2013;6.04
Uzbekistan;2012;6.06
Uzbekistan;2011;5.68
Uzbekistan;2010;5.6
Uzbekistan;2009;5.34
Uzbekistan;2008;5.07
Uzbekistan;2007;4.95
Uzbekistan;2006;5.09
Uzbekistan;2005;5.04
Vanuatu;2017;3.32
Vanuatu;2016;3.7
Vanuatu;2015;4.16
Vanuatu;2014;3.46
Vanuatu;2013;4.15
Vanuatu;2012;3.77
Vanuatu;2011;3.5
Vanuatu;2010;3.38
Vanuatu;2009;3.16
Vanuatu;2008;3.05
Vanuatu;2007;3.05
Vanuatu;2006;3.32
Vanuatu;2005;3.31
Venezuela (Bolivarian Republic of);2017;1.18
Venezuela (Bolivarian Republic of);2016;3.22
Venezuela (Bolivarian Republic of);2015;5.13
Venezuela (Bolivarian Republic of);2014;5.78
Venezuela (Bolivarian Republic of);2013;5.59
Venezuela (Bolivarian Republic of);2012;6.45
Venezuela (Bolivarian Republic of);2011;7.18
Venezuela (Bolivarian Republic of);2010;6.83
Venezuela (Bolivarian Republic of);2009;7.55
Venezuela (Bolivarian Republic of);2008;6.41
Venezuela (Bolivarian Republic of);2007;7.78
Venezuela (Bolivarian Republic of);2006;8.1
Venezuela (Bolivarian Republic of);2005;6.06
Viet Nam;2017;5.53
Viet Nam;2016;5.66
Viet Nam;2015;5.65
Viet Nam;2014;5.78
Viet Nam;2013;6.34
Viet Nam;2012;6.28
Viet Nam;2011;5.87
Viet Nam;2010;5.97
Viet Nam;2009;5.29
Viet Nam;2008;5.15
Viet Nam;2007;5.46
Viet Nam;2006;5.39
Viet Nam;2005;5.1
Yemen;2015;4.23
Yemen;2014;4.84
Yemen;2013;4.96
Yemen;2012;5.2
Yemen;2011;4.77
Yemen;2010;5.16
Yemen;2009;5.99
Yemen;2008;5.76
Yemen;2007;5.82
Yemen;2006;5.53
Yemen;2005;5.21
Zambia;2017;4.47
Zambia;2016;4.48
Zambia;2015;4.44
Zambia;2014;3.83
Zambia;2013;4.69
Zambia;2012;3.93
Zambia;2011;3.46
Zambia;2010;3.72
Zambia;2009;4.43
Zambia;2008;4.01
Zambia;2007;4.35
Zambia;2006;5.87
Zambia;2005;6.86
Zimbabwe;2017;6.64
Zimbabwe;2016;7.65
Zimbabwe;2015;7.45
Zimbabwe;2014;7.87
Zimbabwe;2013;6.55
Zimbabwe;2012;6.48
Zimbabwe;2011;7.69
Zimbabwe;2010;10.67
