"Bacteria","Country","Region","Code","Year","R_multi"
"Escherichia coli","Austria","Western","AT",2006,0.0245098039
"Escherichia coli","Belgium","Western","BE",2006,0.0100917431
"Escherichia coli","Bulgaria","Eastern","BG",2006,0.1639344262
"Escherichia coli","Cyprus","Southern","CY",2006,0.0674157303
"Escherichia coli","Czechia","Eastern","CZ",2006,0.0145131086
"Escherichia coli","Germany","Western","DE",2006,0.0189125295
"Escherichia coli","Denmark","Northern","DK",2006,0.0076470588
"Escherichia coli","Estonia","Northern","EE",2006,0
"Escherichia coli","Greece","Southern","EL",2006,0.0216346153
"Escherichia coli","Spain","Southern","ES",2006,0.0184798807
"Escherichia coli","Finland","Northern","FI",2006,0.0100390407
"Escherichia coli","France","Western","FR",2006,0.0093599033
"Escherichia coli","Croatia","Southern","HR",2006,0.0077319587
"Escherichia coli","Hungary","Eastern","HU",2006,0.029245283
"Escherichia coli","Ireland","Northern","IE",2006,0.0087336244
"Escherichia coli","Iceland","Northern","IS",2006,0
"Escherichia coli","Italy","Southern","IT",2006,0.0234741784
"Escherichia coli","Lithuania","Northern","LT",2006,0.0116959064
"Escherichia coli","Luxembourg","Western","LU",2006,0.0179640718
"Escherichia coli","Latvia","Northern","LV",2006,0.0166666666
"Escherichia coli","Malta","Southern","MT",2006,0.0425531914
"Escherichia coli","Netherlands","Western","NL",2006,0.0115964437
"Escherichia coli","Norway","Northern","NO",2006,0.0033898305
"Escherichia coli","Poland","Eastern","PL",2006,0.0292682926
"Escherichia coli","Portugal","Southern","PT",2006,0.0687146321
"Escherichia coli","Romania","Eastern","RO",2006,0.2702702702
"Escherichia coli","Sweden","Northern","SE",2006,0.004649721
"Escherichia coli","Slovenia","Southern","SI",2006,0.0097629009
"Escherichia coli","United Kingdom","Northern","UK",2006,0.0223186608
"Escherichia coli","Austria","Western","AT",2007,0.0259170653
"Escherichia coli","Belgium","Western","BE",2007,0.0111731843
"Escherichia coli","Bulgaria","Eastern","BG",2007,0.088
"Escherichia coli","Cyprus","Southern","CY",2007,0.0550458715
"Escherichia coli","Czechia","Eastern","CZ",2007,0.0245220282
"Escherichia coli","Germany","Western","DE",2007,0.0216718266
"Escherichia coli","Denmark","Northern","DK",2007,0.0116279069
"Escherichia coli","Estonia","Northern","EE",2007,0.004950495
"Escherichia coli","Greece","Southern","EL",2007,0.0301548492
"Escherichia coli","Spain","Southern","ES",2007,0.0238617663
"Escherichia coli","Finland","Northern","FI",2007,0.0118406889
"Escherichia coli","France","Western","FR",2007,0.0115135834
"Escherichia coli","Croatia","Southern","HR",2007,0.0104651162
"Escherichia coli","Hungary","Eastern","HU",2007,0.0272887323
"Escherichia coli","Ireland","Northern","IE",2007,0.0139049826
"Escherichia coli","Iceland","Northern","IS",2007,0
"Escherichia coli","Italy","Southern","IT",2007,0.0542099192
"Escherichia coli","Lithuania","Northern","LT",2007,0.0301724137
"Escherichia coli","Luxembourg","Western","LU",2007,0.0183823529
"Escherichia coli","Latvia","Northern","LV",2007,0.0526315789
"Escherichia coli","Malta","Southern","MT",2007,0.1025641025
"Escherichia coli","Netherlands","Western","NL",2007,0.0125556905
"Escherichia coli","Norway","Northern","NO",2007,0.0066666666
"Escherichia coli","Poland","Eastern","PL",2007,0.0078125
"Escherichia coli","Portugal","Southern","PT",2007,0.0572289156
"Escherichia coli","Romania","Eastern","RO",2007,0.2068965517
"Escherichia coli","Sweden","Northern","SE",2007,0.0072678331
"Escherichia coli","Slovenia","Southern","SI",2007,0.0235017626
"Escherichia coli","United Kingdom","Northern","UK",2007,0.0395119116
"Escherichia coli","Austria","Western","AT",2008,0.0243654822
"Escherichia coli","Belgium","Western","BE",2008,0.0020242914
"Escherichia coli","Bulgaria","Eastern","BG",2008,0.1986301369
"Escherichia coli","Cyprus","Southern","CY",2008,0.0924369747
"Escherichia coli","Czechia","Eastern","CZ",2008,0.0314327485
"Escherichia coli","Germany","Western","DE",2008,0.0292288557
"Escherichia coli","Denmark","Northern","DK",2008,0.0138605788
"Escherichia coli","Estonia","Northern","EE",2008,0.0041322314
"Escherichia coli","Greece","Southern","EL",2008,0.060857538
"Escherichia coli","Spain","Southern","ES",2008,0.029395452
"Escherichia coli","Finland","Northern","FI",2008,0.0157325467
"Escherichia coli","France","Western","FR",2008,0.0177736202
"Escherichia coli","Croatia","Southern","HR",2008,0.010940919
"Escherichia coli","Hungary","Eastern","HU",2008,0.0653218059
"Escherichia coli","Ireland","Northern","IE",2008,0.0206971677
"Escherichia coli","Iceland","Northern","IS",2008,0.0086956521
"Escherichia coli","Italy","Southern","IT",2008,0.0682414698
"Escherichia coli","Lithuania","Northern","LT",2008,0.0298013245
"Escherichia coli","Luxembourg","Western","LU",2008,0.036423841
"Escherichia coli","Latvia","Northern","LV",2008,0.0888888888
"Escherichia coli","Malta","Southern","MT",2008,0.193548387
"Escherichia coli","Netherlands","Western","NL",2008,0.0152946468
"Escherichia coli","Norway","Northern","NO",2008,0.0084080717
"Escherichia coli","Poland","Eastern","PL",2008,0.0119047619
"Escherichia coli","Portugal","Southern","PT",2008,0.0643086816
"Escherichia coli","Romania","Eastern","RO",2008,0.1875
"Escherichia coli","Sweden","Northern","SE",2008,0.0067095331
"Escherichia coli","Slovenia","Southern","SI",2008,0.0228832951
"Escherichia coli","United Kingdom","Northern","UK",2008,0.0339470655
"Escherichia coli","Austria","Western","AT",2009,0.020545239
"Escherichia coli","Belgium","Western","BE",2009,0.0161702127
"Escherichia coli","Bulgaria","Eastern","BG",2009,0.0684210526
"Escherichia coli","Cyprus","Southern","CY",2009,0.0514705882
"Escherichia coli","Czechia","Eastern","CZ",2009,0.0244704163
"Escherichia coli","Germany","Western","DE",2009,0.0320582877
"Escherichia coli","Denmark","Northern","DK",2009,0.0144267274
"Escherichia coli","Estonia","Northern","EE",2009,0.0066445182
"Escherichia coli","Greece","Southern","EL",2009,0.0643015521
"Escherichia coli","Spain","Southern","ES",2009,0.0438665615
"Escherichia coli","Finland","Northern","FI",2009,0.0146169354
"Escherichia coli","France","Western","FR",2009,0.0297005988
"Escherichia coli","Hungary","Eastern","HU",2009,0.0982658959
"Escherichia coli","Ireland","Northern","IE",2009,0.0232793522
"Escherichia coli","Iceland","Northern","IS",2009,0
"Escherichia coli","Italy","Southern","IT",2009,0.0633561643
"Escherichia coli","Lithuania","Northern","LT",2009,0.0378006872
"Escherichia coli","Luxembourg","Western","LU",2009,0.0431893687
"Escherichia coli","Latvia","Northern","LV",2009,0.0588235294
"Escherichia coli","Malta","Southern","MT",2009,0.1202531645
"Escherichia coli","Netherlands","Western","NL",2009,0.0141267123
"Escherichia coli","Norway","Northern","NO",2009,0.0065681444
"Escherichia coli","Poland","Eastern","PL",2009,0.0137795275
"Escherichia coli","Portugal","Southern","PT",2009,0.0526595744
"Escherichia coli","Romania","Eastern","RO",2009,0.1272727272
"Escherichia coli","Sweden","Northern","SE",2009,0.00868120385195195
"Escherichia coli","Slovenia","Southern","SI",2009,0.0246360582
"Escherichia coli","United Kingdom","Northern","UK",2009,0.0398230088
"Escherichia coli","Austria","Western","AT",2010,0.019070735
"Escherichia coli","Belgium","Western","BE",2010,0.0096030729
"Escherichia coli","Bulgaria","Eastern","BG",2010,0.0743243243
"Escherichia coli","Cyprus","Southern","CY",2010,0.0869565217
"Escherichia coli","Czechia","Eastern","CZ",2010,0.0294358135
"Escherichia coli","Germany","Western","DE",2010,0.035892323
"Escherichia coli","Denmark","Northern","DK",2010,0.0237203495
"Escherichia coli","Estonia","Northern","EE",2010,0.0159362549
"Escherichia coli","Greece","Southern","EL",2010,0.0946944257
"Escherichia coli","Spain","Southern","ES",2010,0.0545997191
"Escherichia coli","Finland","Northern","FI",2010,0.0190064794
"Escherichia coli","France","Western","FR",2010,0.0282253583
"Escherichia coli","Croatia","Southern","HR",2010,0.0252583237
"Escherichia coli","Hungary","Eastern","HU",2010,0.1549192364
"Escherichia coli","Ireland","Northern","IE",2010,0.0284360189
"Escherichia coli","Iceland","Northern","IS",2010,0.0105263157
"Escherichia coli","Italy","Southern","IT",2010,0.1019295302
"Escherichia coli","Lithuania","Northern","LT",2010,0.0543806646
"Escherichia coli","Luxembourg","Western","LU",2010,0.0169491525
"Escherichia coli","Latvia","Northern","LV",2010,0.0618556701
"Escherichia coli","Malta","Southern","MT",2010,0.1354166666
"Escherichia coli","Netherlands","Western","NL",2010,0.0180955206
"Escherichia coli","Norway","Northern","NO",2010,0.0138640429
"Escherichia coli","Poland","Eastern","PL",2010,0.0293637846
"Escherichia coli","Portugal","Southern","PT",2010,0.0648050579
"Escherichia coli","Romania","Eastern","RO",2010,0.0625
"Escherichia coli","Sweden","Northern","SE",2010,0.011826544
"Escherichia coli","Slovenia","Southern","SI",2010,0.037815126
"Escherichia coli","United Kingdom","Northern","UK",2010,0.0398377862
"Escherichia coli","Austria","Western","AT",2011,0.0247191011
"Escherichia coli","Belgium","Western","BE",2011,0.0161346895
"Escherichia coli","Bulgaria","Eastern","BG",2011,0.1022727272
"Escherichia coli","Cyprus","Southern","CY",2011,0.1751824817
"Escherichia coli","Czechia","Eastern","CZ",2011,0.0329958755
"Escherichia coli","Germany","Western","DE",2011,0.0355274029
"Escherichia coli","Denmark","Northern","DK",2011,0.0300514037
"Escherichia coli","Estonia","Northern","EE",2011,0.0113636363
"Escherichia coli","Greece","Southern","EL",2011,0.108315863
"Escherichia coli","Spain","Southern","ES",2011,0.049159814
"Escherichia coli","Finland","Northern","FI",2011,0.024834437
"Escherichia coli","France","Western","FR",2011,0.0257475083
"Escherichia coli","Croatia","Southern","HR",2011,0.0234291799
"Escherichia coli","Hungary","Eastern","HU",2011,0.0819536423
"Escherichia coli","Ireland","Northern","IE",2011,0.0354312354
"Escherichia coli","Iceland","Northern","IS",2011,0.0083333333
"Escherichia coli","Italy","Southern","IT",2011,0.1140463917
"Escherichia coli","Lithuania","Northern","LT",2011,0.0238095238
"Escherichia coli","Luxembourg","Western","LU",2011,0.0283286118
"Escherichia coli","Latvia","Northern","LV",2011,0.0846153846
"Escherichia coli","Malta","Southern","MT",2011,0.0913242009
"Escherichia coli","Netherlands","Western","NL",2011,0.0220454545
"Escherichia coli","Norway","Northern","NO",2011,0.0123948649
"Escherichia coli","Poland","Eastern","PL",2011,0.0374269005
"Escherichia coli","Portugal","Southern","PT",2011,0.0719196192
"Escherichia coli","Romania","Eastern","RO",2011,0.1
"Escherichia coli","Sweden","Northern","SE",2011,0.0141570141
"Escherichia coli","Slovenia","Southern","SI",2011,0.0389221556
"Escherichia coli","United Kingdom","Northern","UK",2011,0.0355644355
"Escherichia coli","Austria","Western","AT",2012,0.0232297788
"Escherichia coli","Belgium","Western","BE",2012,0.0196797865
"Escherichia coli","Bulgaria","Eastern","BG",2012,0.1598173515
"Escherichia coli","Cyprus","Southern","CY",2012,0.1477272727
"Escherichia coli","Czechia","Eastern","CZ",2012,0.0434318262
"Escherichia coli","Germany","Western","DE",2012,0.0318257956
"Escherichia coli","Denmark","Northern","DK",2012,0.0262582056
"Escherichia coli","Estonia","Northern","EE",2012,0.0166112956
"Escherichia coli","Greece","Southern","EL",2012,0.1067251461
"Escherichia coli","Spain","Southern","ES",2012,0.0583967439
"Escherichia coli","Finland","Northern","FI",2012,0.0314066154
"Escherichia coli","France","Western","FR",2012,0.0334217506
"Escherichia coli","Croatia","Southern","HR",2012,0.027118644
"Escherichia coli","Hungary","Eastern","HU",2012,0.1056439942
"Escherichia coli","Ireland","Northern","IE",2012,0.0363716038
"Escherichia coli","Iceland","Northern","IS",2012,0.0149253731
"Escherichia coli","Italy","Southern","IT",2012,0.1432320959
"Escherichia coli","Lithuania","Northern","LT",2012,0.013215859
"Escherichia coli","Luxembourg","Western","LU",2012,0.0269461077
"Escherichia coli","Latvia","Northern","LV",2012,0.0657894736
"Escherichia coli","Malta","Southern","MT",2012,0.0622009569
"Escherichia coli","Netherlands","Western","NL",2012,0.0177540106
"Escherichia coli","Norway","Northern","NO",2012,0.0194003527
"Escherichia coli","Poland","Eastern","PL",2012,0.0606060606
"Escherichia coli","Portugal","Southern","PT",2012,0.0915853091
"Escherichia coli","Romania","Eastern","RO",2012,0.156424581
"Escherichia coli","Sweden","Northern","SE",2012,0.0177087097
"Escherichia coli","Slovenia","Southern","SI",2012,0.0496575342
"Escherichia coli","United Kingdom","Northern","UK",2012,0.0419580419
"Escherichia coli","Austria","Western","AT",2013,0.0312353217
"Escherichia coli","Belgium","Western","BE",2013,0.0267686424
"Escherichia coli","Bulgaria","Eastern","BG",2013,0.1871657754
"Escherichia coli","Cyprus","Southern","CY",2013,0.2037037037
"Escherichia coli","Czechia","Eastern","CZ",2013,0.0494412461
"Escherichia coli","Germany","Western","DE",2013,0.0266944339
"Escherichia coli","Denmark","Northern","DK",2013,0.022297013
"Escherichia coli","Estonia","Northern","EE",2013,0.0328358208
"Escherichia coli","Greece","Southern","EL",2013,0.1029173419
"Escherichia coli","Spain","Southern","ES",2013,0.0584360749
"Escherichia coli","Finland","Northern","FI",2013,0.0318194966
"Escherichia coli","France","Western","FR",2013,0.0323798172
"Escherichia coli","Croatia","Southern","HR",2013,0.034895314
"Escherichia coli","Hungary","Eastern","HU",2013,0.1100141043
"Escherichia coli","Ireland","Northern","IE",2013,0.0468308437
"Escherichia coli","Iceland","Northern","IS",2013,0.0086206896
"Escherichia coli","Italy","Southern","IT",2013,0.1245972073
"Escherichia coli","Lithuania","Northern","LT",2013,0.0186915887
"Escherichia coli","Luxembourg","Western","LU",2013,0.0212014134
"Escherichia coli","Latvia","Northern","LV",2013,0.0378787878
"Escherichia coli","Malta","Southern","MT",2013,0.0495867768
"Escherichia coli","Netherlands","Western","NL",2013,0.0188479457
"Escherichia coli","Norway","Northern","NO",2013,0.0249074385
"Escherichia coli","Poland","Eastern","PL",2013,0.0501022494
"Escherichia coli","Portugal","Southern","PT",2013,0.0814648729
"Escherichia coli","Romania","Eastern","RO",2013,0.0924657534
"Escherichia coli","Sweden","Northern","SE",2013,0.0204398082
"Escherichia coli","Slovenia","Southern","SI",2013,0.0449346405
"Escherichia coli","United Kingdom","Northern","UK",2013,0.0436113236
"Escherichia coli","Austria","Western","AT",2014,0.0260360164
"Escherichia coli","Belgium","Western","BE",2014,0.0391198044
"Escherichia coli","Bulgaria","Eastern","BG",2014,0.2021276595
"Escherichia coli","Cyprus","Southern","CY",2014,0.1307189542
"Escherichia coli","Czechia","Eastern","CZ",2014,0.063844086
"Escherichia coli","Germany","Western","DE",2014,0.0302046118
"Escherichia coli","Denmark","Northern","DK",2014,0.018610985
"Escherichia coli","Estonia","Northern","EE",2014,0.0346534653
"Escherichia coli","Greece","Southern","EL",2014,0.1070780399
"Escherichia coli","Spain","Southern","ES",2014,0.0529755761
"Escherichia coli","Finland","Northern","FI",2014,0.022181146
"Escherichia coli","France","Western","FR",2014,0.0347606563
"Escherichia coli","Croatia","Southern","HR",2014,0.0598130841
"Escherichia coli","Hungary","Eastern","HU",2014,0.0819262038
"Escherichia coli","Ireland","Northern","IE",2014,0.0468575678
"Escherichia coli","Iceland","Northern","IS",2014,0.0141843971
"Escherichia coli","Italy","Southern","IT",2014,0.1365227537
"Escherichia coli","Lithuania","Northern","LT",2014,0.0257731958
"Escherichia coli","Luxembourg","Western","LU",2014,0.0381471389
"Escherichia coli","Latvia","Northern","LV",2014,0.0245398773
"Escherichia coli","Malta","Southern","MT",2014,0.0671641791
"Escherichia coli","Netherlands","Western","NL",2014,0.0214785992
"Escherichia coli","Norway","Northern","NO",2014,0.0196308233
"Escherichia coli","Poland","Eastern","PL",2014,0.0555555555
"Escherichia coli","Portugal","Southern","PT",2014,0.0817799158
"Escherichia coli","Romania","Eastern","RO",2014,0.144295302
"Escherichia coli","Sweden","Northern","SE",2014,0.0202236497
"Escherichia coli","Slovenia","Southern","SI",2014,0.0707236842
"Escherichia coli","United Kingdom","Northern","UK",2014,0.0437732191
"Escherichia coli","Austria","Western","AT",2015,0.0292580982
"Escherichia coli","Belgium","Western","BE",2015,0.0345733041
"Escherichia coli","Bulgaria","Eastern","BG",2015,0.1263736263
"Escherichia coli","Cyprus","Southern","CY",2015,0.0975609756
"Escherichia coli","Czechia","Eastern","CZ",2015,0.0685624012
"Escherichia coli","Germany","Western","DE",2015,0.0298457783
"Escherichia coli","Denmark","Northern","DK",2015,0.0251600088
"Escherichia coli","Estonia","Northern","EE",2015,0.0515021459
"Escherichia coli","Greece","Southern","EL",2015,0.1069924178
"Escherichia coli","Spain","Southern","ES",2015,0.0550187032
"Escherichia coli","Finland","Northern","FI",2015,0.0260784791
"Escherichia coli","France","Western","FR",2015,0.0387695668
"Escherichia coli","Croatia","Southern","HR",2015,0.069
"Escherichia coli","Hungary","Eastern","HU",2015,0.0665012406
"Escherichia coli","Ireland","Northern","IE",2015,0.0541777947
"Escherichia coli","Iceland","Northern","IS",2015,0
"Escherichia coli","Italy","Southern","IT",2015,0.1458526628
"Escherichia coli","Lithuania","Northern","LT",2015,0.0430292598
"Escherichia coli","Luxembourg","Western","LU",2015,0.0518731988
"Escherichia coli","Latvia","Northern","LV",2015,0.1047120418
"Escherichia coli","Malta","Southern","MT",2015,0.0714285714
"Escherichia coli","Netherlands","Western","NL",2015,0.0197135949
"Escherichia coli","Norway","Northern","NO",2015,0.0191024863
"Escherichia coli","Poland","Eastern","PL",2015,0.0607049608
"Escherichia coli","Portugal","Southern","PT",2015,0.0760342899
"Escherichia coli","Romania","Eastern","RO",2015,0.1346153846
"Escherichia coli","Sweden","Northern","SE",2015,0.0245387102
"Escherichia coli","Slovenia","Southern","SI",2015,0.0807547169
"Escherichia coli","United Kingdom","Northern","UK",2015,0.0451260011
"Escherichia coli","Austria","Western","AT",2016,0.035148042
"Escherichia coli","Belgium","Western","BE",2016,0.0380434782
"Escherichia coli","Bulgaria","Eastern","BG",2016,0.2205882352
"Escherichia coli","Cyprus","Southern","CY",2016,0.1140939597
"Escherichia coli","Czechia","Eastern","CZ",2016,0.079059131
"Escherichia coli","Germany","Western","DE",2016,0.0337976841
"Escherichia coli","Denmark","Northern","DK",2016,0.0176724137
"Escherichia coli","Estonia","Northern","EE",2016,0.0401146131
"Escherichia coli","Greece","Southern","EL",2016,0.1038461538
"Escherichia coli","Spain","Southern","ES",2016,0.0619938153
"Escherichia coli","Finland","Northern","FI",2016,0.0238201246
"Escherichia coli","France","Western","FR",2016,0.0382602418
"Escherichia coli","Croatia","Southern","HR",2016,0.0938416422
"Escherichia coli","Hungary","Eastern","HU",2016,0.0636042402
"Escherichia coli","Ireland","Northern","IE",2016,0.0532841823
"Escherichia coli","Iceland","Northern","IS",2016,0.011235955
"Escherichia coli","Italy","Southern","IT",2016,0.1290994273
"Escherichia coli","Lithuania","Northern","LT",2016,0.0255427841
"Escherichia coli","Luxembourg","Western","LU",2016,0.0382775119
"Escherichia coli","Latvia","Northern","LV",2016,0.1033057851
"Escherichia coli","Malta","Southern","MT",2016,0.0548780487
"Escherichia coli","Netherlands","Western","NL",2016,0.022670419
"Escherichia coli","Norway","Northern","NO",2016,0.0193959545
"Escherichia coli","Poland","Eastern","PL",2016,0.0850269597
"Escherichia coli","Portugal","Southern","PT",2016,0.0767094758
"Escherichia coli","Romania","Eastern","RO",2016,0.1170731707
"Escherichia coli","Sweden","Northern","SE",2016,0.0312725176
"Escherichia coli","Slovenia","Southern","SI",2016,0.0690140845
"Escherichia coli","United Kingdom","Northern","UK",2016,0.0400928865
"Escherichia coli","Austria","Western","AT",2017,0.0327351607
"Escherichia coli","Belgium","Western","BE",2017,0.0347941567
"Escherichia coli","Bulgaria","Eastern","BG",2017,0.2489082969
"Escherichia coli","Cyprus","Southern","CY",2017,0.1538461538
"Escherichia coli","Czechia","Eastern","CZ",2017,0.0625195373
"Escherichia coli","Germany","Western","DE",2017,0.037437678
"Escherichia coli","Denmark","Northern","DK",2017,0.0184312922
"Escherichia coli","Estonia","Northern","EE",2017,0.0371794871
"Escherichia coli","Greece","Southern","EL",2017,0.0984278879
"Escherichia coli","Spain","Southern","ES",2017,0.0547280914
"Escherichia coli","Finland","Northern","FI",2017,0.0243411788
"Escherichia coli","France","Western","FR",2017,0.0303727565
"Escherichia coli","Croatia","Southern","HR",2017,0.0935569285
"Escherichia coli","Hungary","Eastern","HU",2017,0.0820713238
"Escherichia coli","Ireland","Northern","IE",2017,0.0571245186
"Escherichia coli","Iceland","Northern","IS",2017,0.0150753768
"Escherichia coli","Italy","Southern","IT",2017,0.1368143786
"Escherichia coli","Lithuania","Northern","LT",2017,0.0437869822
"Escherichia coli","Luxembourg","Western","LU",2017,0.0346420323
"Escherichia coli","Latvia","Northern","LV",2017,0.0476190476
"Escherichia coli","Malta","Southern","MT",2017,0.0636942675
"Escherichia coli","Netherlands","Western","NL",2017,0.0188594521
"Escherichia coli","Norway","Northern","NO",2017,0.0238669884
"Escherichia coli","Poland","Eastern","PL",2017,0.081632653
"Escherichia coli","Portugal","Southern","PT",2017,0.0659858601
"Escherichia coli","Romania","Eastern","RO",2017,0.0974658869
"Escherichia coli","Sweden","Northern","SE",2017,0.0201879568
"Escherichia coli","Slovenia","Southern","SI",2017,0.0629067245
"Escherichia coli","United Kingdom","Northern","UK",2017,0.0411817367
"Escherichia coli","Austria","Western","AT",2018,0.0364415862
"Escherichia coli","Belgium","Western","BE",2018,0.0307167235
"Escherichia coli","Bulgaria","Eastern","BG",2018,0.1963636363
"Escherichia coli","Cyprus","Southern","CY",2018,0.1456953642
"Escherichia coli","Czechia","Eastern","CZ",2018,0.0626717976
"Escherichia coli","Germany","Western","DE",2018,0.0339527735
"Escherichia coli","Denmark","Northern","DK",2018,0.0202940567
"Escherichia coli","Estonia","Northern","EE",2018,0.0301932367
"Escherichia coli","Greece","Southern","EL",2018,0.0976658476
"Escherichia coli","Spain","Southern","ES",2018,0.0638325875
"Escherichia coli","Finland","Northern","FI",2018,0.0204251771
"Escherichia coli","France","Western","FR",2018,0.0351862558
"Escherichia coli","Croatia","Southern","HR",2018,0.092173913
"Escherichia coli","Hungary","Eastern","HU",2018,0.1144631765
"Escherichia coli","Ireland","Northern","IE",2018,0.0612055641
"Escherichia coli","Iceland","Northern","IS",2018,0.0209424083
"Escherichia coli","Italy","Southern","IT",2018,0.1140058891
"Escherichia coli","Lithuania","Northern","LT",2018,0.0455373406
"Escherichia coli","Luxembourg","Western","LU",2018,0.0383693045
"Escherichia coli","Latvia","Northern","LV",2018,0.0697674418
"Escherichia coli","Malta","Southern","MT",2018,0.0451807228
"Escherichia coli","Netherlands","Western","NL",2018,0.0214010557
"Escherichia coli","Norway","Northern","NO",2018,0.020123839
"Escherichia coli","Poland","Eastern","PL",2018,0.1051969823
"Escherichia coli","Portugal","Southern","PT",2018,0.0619561434
"Escherichia coli","Romania","Eastern","RO",2018,0.0717628705
"Escherichia coli","Sweden","Northern","SE",2018,0.0307377049
"Escherichia coli","United Kingdom","Northern","UK",2018,0.0445669404
"Klebsiella pneumoniae","Austria","Western","AT",2006,0.0209790209
"Klebsiella pneumoniae","Bulgaria","Eastern","BG",2006,0.2181818181
"Klebsiella pneumoniae","Cyprus","Southern","CY",2006,0.1153846153
"Klebsiella pneumoniae","Czechia","Eastern","CZ",2006,0.2028343666
"Klebsiella pneumoniae","Germany","Western","DE",2006,0.0479452054
"Klebsiella pneumoniae","Denmark","Northern","DK",2006,0.0074812967
"Klebsiella pneumoniae","Estonia","Northern","EE",2006,0.025
"Klebsiella pneumoniae","Greece","Southern","EL",2006,0.3607142857
"Klebsiella pneumoniae","Spain","Southern","ES",2006,0.0106951871
"Klebsiella pneumoniae","Finland","Northern","FI",2006,0.009009009
"Klebsiella pneumoniae","France","Western","FR",2006,0.0383795309
"Klebsiella pneumoniae","Croatia","Southern","HR",2006,0.1724137931
"Klebsiella pneumoniae","Hungary","Eastern","HU",2006,0.106617647
"Klebsiella pneumoniae","Ireland","Northern","IE",2006,0.0157068062
"Klebsiella pneumoniae","Iceland","Northern","IS",2006,0
"Klebsiella pneumoniae","Italy","Southern","IT",2006,0.1704918032
"Klebsiella pneumoniae","Lithuania","Northern","LT",2006,0.0285714285
"Klebsiella pneumoniae","Luxembourg","Western","LU",2006,0
"Klebsiella pneumoniae","Latvia","Northern","LV",2006,0.074074074
"Klebsiella pneumoniae","Malta","Southern","MT",2006,0
"Klebsiella pneumoniae","Netherlands","Western","NL",2006,0.0103359173
"Klebsiella pneumoniae","Norway","Northern","NO",2006,0
"Klebsiella pneumoniae","Poland","Eastern","PL",2006,0.238095238
"Klebsiella pneumoniae","Portugal","Southern","PT",2006,0.0838926174
"Klebsiella pneumoniae","Romania","Eastern","RO",2006,0.28
"Klebsiella pneumoniae","Sweden","Northern","SE",2006,0
"Klebsiella pneumoniae","Slovenia","Southern","SI",2006,0.1448275862
"Klebsiella pneumoniae","United Kingdom","Northern","UK",2006,0.0780141843
"Klebsiella pneumoniae","Austria","Western","AT",2007,0.0431818181
"Klebsiella pneumoniae","Bulgaria","Eastern","BG",2007,0.3448275862
"Klebsiella pneumoniae","Cyprus","Southern","CY",2007,0.1025641025
"Klebsiella pneumoniae","Czechia","Eastern","CZ",2007,0.2869918699
"Klebsiella pneumoniae","Germany","Western","DE",2007,0.0289017341
"Klebsiella pneumoniae","Denmark","Northern","DK",2007,0.0579710144
"Klebsiella pneumoniae","Estonia","Northern","EE",2007,0
"Klebsiella pneumoniae","Greece","Southern","EL",2007,0.4132231404
"Klebsiella pneumoniae","Spain","Southern","ES",2007,0.0539215686
"Klebsiella pneumoniae","Finland","Northern","FI",2007,0.0038022813
"Klebsiella pneumoniae","France","Western","FR",2007,0.087979094
"Klebsiella pneumoniae","Croatia","Southern","HR",2007,0.2909090909
"Klebsiella pneumoniae","Hungary","Eastern","HU",2007,0.1847133757
"Klebsiella pneumoniae","Ireland","Northern","IE",2007,0.03930131
"Klebsiella pneumoniae","Iceland","Northern","IS",2007,0
"Klebsiella pneumoniae","Italy","Southern","IT",2007,0.1791907514
"Klebsiella pneumoniae","Lithuania","Northern","LT",2007,0.0256410256
"Klebsiella pneumoniae","Luxembourg","Western","LU",2007,0
"Klebsiella pneumoniae","Latvia","Northern","LV",2007,0.0769230769
"Klebsiella pneumoniae","Malta","Southern","MT",2007,0
"Klebsiella pneumoniae","Netherlands","Western","NL",2007,0.0267639902
"Klebsiella pneumoniae","Norway","Northern","NO",2007,0
"Klebsiella pneumoniae","Poland","Eastern","PL",2007,0
"Klebsiella pneumoniae","Portugal","Southern","PT",2007,0.0699708454
"Klebsiella pneumoniae","Romania","Eastern","RO",2007,0.2413793103
"Klebsiella pneumoniae","Sweden","Northern","SE",2007,0.00310559
"Klebsiella pneumoniae","Slovenia","Southern","SI",2007,0.1705882352
"Klebsiella pneumoniae","United Kingdom","Northern","UK",2007,0.0668789808
"Klebsiella pneumoniae","Austria","Western","AT",2008,0.0379965457
"Klebsiella pneumoniae","Bulgaria","Eastern","BG",2008,0.4375
"Klebsiella pneumoniae","Cyprus","Southern","CY",2008,0.1129032258
"Klebsiella pneumoniae","Czechia","Eastern","CZ",2008,0.3079514824
"Klebsiella pneumoniae","Germany","Western","DE",2008,0.0723404255
"Klebsiella pneumoniae","Denmark","Northern","DK",2008,0.0455284552
"Klebsiella pneumoniae","Estonia","Northern","EE",2008,0.0175438596
"Klebsiella pneumoniae","Greece","Southern","EL",2008,0.487300094
"Klebsiella pneumoniae","Spain","Southern","ES",2008,0.0423197492
"Klebsiella pneumoniae","Finland","Northern","FI",2008,0.0107142857
"Klebsiella pneumoniae","France","Western","FR",2008,0.133014354
"Klebsiella pneumoniae","Croatia","Southern","HR",2008,0.38170347
"Klebsiella pneumoniae","Hungary","Eastern","HU",2008,0.2712328767
"Klebsiella pneumoniae","Ireland","Northern","IE",2008,0.0401337792
"Klebsiella pneumoniae","Iceland","Northern","IS",2008,0.0416666666
"Klebsiella pneumoniae","Italy","Southern","IT",2008,0.2173913043
"Klebsiella pneumoniae","Lithuania","Northern","LT",2008,0.1764705882
"Klebsiella pneumoniae","Luxembourg","Western","LU",2008,0.0196078431
"Klebsiella pneumoniae","Latvia","Northern","LV",2008,0.3076923076
"Klebsiella pneumoniae","Malta","Southern","MT",2008,0
"Klebsiella pneumoniae","Netherlands","Western","NL",2008,0.0371179039
"Klebsiella pneumoniae","Norway","Northern","NO",2008,0.0057803468
"Klebsiella pneumoniae","Poland","Eastern","PL",2008,0.2105263157
"Klebsiella pneumoniae","Portugal","Southern","PT",2008,0.0893536121
"Klebsiella pneumoniae","Romania","Eastern","RO",2008,0.138747263877316
"Klebsiella pneumoniae","Sweden","Northern","SE",2008,0.0069060773
"Klebsiella pneumoniae","Slovenia","Southern","SI",2008,0.1910828025
"Klebsiella pneumoniae","United Kingdom","Northern","UK",2008,0.0456273764
"Klebsiella pneumoniae","Austria","Western","AT",2009,0.0200333889
"Klebsiella pneumoniae","Belgium","Western","BE",2009,0.0344827586
"Klebsiella pneumoniae","Bulgaria","Eastern","BG",2009,0.3894736842
"Klebsiella pneumoniae","Cyprus","Southern","CY",2009,0.1698113207
"Klebsiella pneumoniae","Czechia","Eastern","CZ",2009,0.3512931034
"Klebsiella pneumoniae","Germany","Western","DE",2009,0.0723404255
"Klebsiella pneumoniae","Denmark","Northern","DK",2009,0.0683333333
"Klebsiella pneumoniae","Estonia","Northern","EE",2009,0.0892857142
"Klebsiella pneumoniae","Greece","Southern","EL",2009,0.5253086419
"Klebsiella pneumoniae","Spain","Southern","ES",2009,0.0478468899
"Klebsiella pneumoniae","Finland","Northern","FI",2009,0.0058651026
"Klebsiella pneumoniae","France","Western","FR",2009,0.1523668639
"Klebsiella pneumoniae","Hungary","Eastern","HU",2009,0.2869318181
"Klebsiella pneumoniae","Ireland","Northern","IE",2009,0.0511182108
"Klebsiella pneumoniae","Iceland","Northern","IS",2009,0
"Klebsiella pneumoniae","Italy","Southern","IT",2009,0.1313559322
"Klebsiella pneumoniae","Lithuania","Northern","LT",2009,0.3484848484
"Klebsiella pneumoniae","Luxembourg","Western","LU",2009,0.1428571428
"Klebsiella pneumoniae","Latvia","Northern","LV",2009,0.2325581395
"Klebsiella pneumoniae","Malta","Southern","MT",2009,0
"Klebsiella pneumoniae","Netherlands","Western","NL",2009,0.0105540897
"Klebsiella pneumoniae","Norway","Northern","NO",2009,0.0153452685
"Klebsiella pneumoniae","Poland","Eastern","PL",2009,0.1550387596
"Klebsiella pneumoniae","Portugal","Southern","PT",2009,0.1458333333
"Klebsiella pneumoniae","Romania","Eastern","RO",2009,0.1176470588
"Klebsiella pneumoniae","Sweden","Northern","SE",2009,0.00855990911647655
"Klebsiella pneumoniae","Slovenia","Southern","SI",2009,0.2169312169
"Klebsiella pneumoniae","United Kingdom","Northern","UK",2009,0.0307443365
"Klebsiella pneumoniae","Austria","Western","AT",2010,0.0181818181
"Klebsiella pneumoniae","Belgium","Western","BE",2010,0.0095238095
"Klebsiella pneumoniae","Bulgaria","Eastern","BG",2010,0.443548387
"Klebsiella pneumoniae","Cyprus","Southern","CY",2010,0.1492537313
"Klebsiella pneumoniae","Czechia","Eastern","CZ",2010,0.358014646
"Klebsiella pneumoniae","Germany","Western","DE",2010,0.0753138075
"Klebsiella pneumoniae","Denmark","Northern","DK",2010,0.053859964
"Klebsiella pneumoniae","Estonia","Northern","EE",2010,0.1587301587
"Klebsiella pneumoniae","Greece","Southern","EL",2010,0.5578884223
"Klebsiella pneumoniae","Spain","Southern","ES",2010,0.0473729543
"Klebsiella pneumoniae","Finland","Northern","FI",2010,0.0135869565
"Klebsiella pneumoniae","France","Western","FR",2010,0.1466928618
"Klebsiella pneumoniae","Croatia","Southern","HR",2010,0.3478260869
"Klebsiella pneumoniae","Hungary","Eastern","HU",2010,0.3792415169
"Klebsiella pneumoniae","Ireland","Northern","IE",2010,0.0220820189
"Klebsiella pneumoniae","Iceland","Northern","IS",2010,0
"Klebsiella pneumoniae","Italy","Southern","IT",2010,0.2187958883
"Klebsiella pneumoniae","Lithuania","Northern","LT",2010,0.325
"Klebsiella pneumoniae","Luxembourg","Western","LU",2010,0.033898305
"Klebsiella pneumoniae","Latvia","Northern","LV",2010,0.4838709677
"Klebsiella pneumoniae","Malta","Southern","MT",2010,0.0526315789
"Klebsiella pneumoniae","Netherlands","Western","NL",2010,0.0376175548
"Klebsiella pneumoniae","Norway","Northern","NO",2010,0.0106837606
"Klebsiella pneumoniae","Poland","Eastern","PL",2010,0.2361809045
"Klebsiella pneumoniae","Portugal","Southern","PT",2010,0.1940035273
"Klebsiella pneumoniae","Romania","Eastern","RO",2010,0.2352941176
"Klebsiella pneumoniae","Sweden","Northern","SE",2010,0.0084269662
"Klebsiella pneumoniae","Slovenia","Southern","SI",2010,0.1785714285
"Klebsiella pneumoniae","United Kingdom","Northern","UK",2010,0.035663338
"Klebsiella pneumoniae","Austria","Western","AT",2011,0.0394904458
"Klebsiella pneumoniae","Belgium","Western","BE",2011,0.0565656565
"Klebsiella pneumoniae","Bulgaria","Eastern","BG",2011,0.4576271186
"Klebsiella pneumoniae","Cyprus","Southern","CY",2011,0.2168674698
"Klebsiella pneumoniae","Czechia","Eastern","CZ",2011,0.3580922595
"Klebsiella pneumoniae","Germany","Western","DE",2011,0.0694980694
"Klebsiella pneumoniae","Denmark","Northern","DK",2011,0.0489731437
"Klebsiella pneumoniae","Estonia","Northern","EE",2011,0.1904761904
"Klebsiella pneumoniae","Greece","Southern","EL",2011,0.6337423312
"Klebsiella pneumoniae","Spain","Southern","ES",2011,0.0829694323
"Klebsiella pneumoniae","Finland","Northern","FI",2011,0.0123762376
"Klebsiella pneumoniae","France","Western","FR",2011,0.1821493624
"Klebsiella pneumoniae","Croatia","Southern","HR",2011,0.3055555555
"Klebsiella pneumoniae","Hungary","Eastern","HU",2011,0.4604316546
"Klebsiella pneumoniae","Ireland","Northern","IE",2011,0.0297029702
"Klebsiella pneumoniae","Iceland","Northern","IS",2011,0
"Klebsiella pneumoniae","Italy","Southern","IT",2011,0.3314176245
"Klebsiella pneumoniae","Lithuania","Northern","LT",2011,0.4306569343
"Klebsiella pneumoniae","Luxembourg","Western","LU",2011,0.2708333333
"Klebsiella pneumoniae","Latvia","Northern","LV",2011,0.3333333333
"Klebsiella pneumoniae","Malta","Southern","MT",2011,0.0384615384
"Klebsiella pneumoniae","Netherlands","Western","NL",2011,0.0430555555
"Klebsiella pneumoniae","Norway","Northern","NO",2011,0.0080213903
"Klebsiella pneumoniae","Poland","Eastern","PL",2011,0.3729508196
"Klebsiella pneumoniae","Portugal","Southern","PT",2011,0.2084690553
"Klebsiella pneumoniae","Romania","Eastern","RO",2011,0.3
"Klebsiella pneumoniae","Sweden","Northern","SE",2011,0.008988764
"Klebsiella pneumoniae","Slovenia","Southern","SI",2011,0.198275862
"Klebsiella pneumoniae","United Kingdom","Northern","UK",2011,0.0207877461
"Klebsiella pneumoniae","Austria","Western","AT",2012,0.0399032648
"Klebsiella pneumoniae","Belgium","Western","BE",2012,0.0851581508
"Klebsiella pneumoniae","Bulgaria","Eastern","BG",2012,0.365079365
"Klebsiella pneumoniae","Cyprus","Southern","CY",2012,0.0923076923
"Klebsiella pneumoniae","Czechia","Eastern","CZ",2012,0.4181558255
"Klebsiella pneumoniae","Germany","Western","DE",2012,0.0618401206
"Klebsiella pneumoniae","Denmark","Northern","DK",2012,0.0311958405
"Klebsiella pneumoniae","Estonia","Northern","EE",2012,0.1046511627
"Klebsiella pneumoniae","Greece","Southern","EL",2012,0.5701262272
"Klebsiella pneumoniae","Spain","Southern","ES",2012,0.0886956521
"Klebsiella pneumoniae","Finland","Northern","FI",2012,0.0019379844
"Klebsiella pneumoniae","France","Western","FR",2012,0.1923427529
"Klebsiella pneumoniae","Croatia","Southern","HR",2012,0.3081570996
"Klebsiella pneumoniae","Hungary","Eastern","HU",2012,0.3791666666
"Klebsiella pneumoniae","Ireland","Northern","IE",2012,0.0337423312
"Klebsiella pneumoniae","Iceland","Northern","IS",2012,0
"Klebsiella pneumoniae","Italy","Southern","IT",2012,0.3390957446
"Klebsiella pneumoniae","Lithuania","Northern","LT",2012,0.5217391304
"Klebsiella pneumoniae","Luxembourg","Western","LU",2012,0.2
"Klebsiella pneumoniae","Latvia","Northern","LV",2012,0.423076923
"Klebsiella pneumoniae","Malta","Southern","MT",2012,0.1964285714
"Klebsiella pneumoniae","Netherlands","Western","NL",2012,0.0269865067
"Klebsiella pneumoniae","Norway","Northern","NO",2012,0.0151770657
"Klebsiella pneumoniae","Poland","Eastern","PL",2012,0.5028571428
"Klebsiella pneumoniae","Portugal","Southern","PT",2012,0.2512886597
"Klebsiella pneumoniae","Romania","Eastern","RO",2012,0.4226804123
"Klebsiella pneumoniae","Sweden","Northern","SE",2012,0.0143295803
"Klebsiella pneumoniae","Slovenia","Southern","SI",2012,0.1732283464
"Klebsiella pneumoniae","United Kingdom","Northern","UK",2012,0.0230010952
"Klebsiella pneumoniae","Austria","Western","AT",2013,0.0358422939
"Klebsiella pneumoniae","Belgium","Western","BE",2013,0.0818965517
"Klebsiella pneumoniae","Bulgaria","Eastern","BG",2013,0.356060606
"Klebsiella pneumoniae","Cyprus","Southern","CY",2013,0.0588235294
"Klebsiella pneumoniae","Czechia","Eastern","CZ",2013,0.3826491092
"Klebsiella pneumoniae","Germany","Western","DE",2013,0.0703851261
"Klebsiella pneumoniae","Denmark","Northern","DK",2013,0.0346820809
"Klebsiella pneumoniae","Estonia","Northern","EE",2013,0.0919540229
"Klebsiella pneumoniae","Greece","Southern","EL",2013,0.5154639175
"Klebsiella pneumoniae","Spain","Southern","ES",2013,0.1120064464
"Klebsiella pneumoniae","Finland","Northern","FI",2013,0.0038910505
"Klebsiella pneumoniae","France","Western","FR",2013,0.2286012526
"Klebsiella pneumoniae","Croatia","Southern","HR",2013,0.2997275204
"Klebsiella pneumoniae","Hungary","Eastern","HU",2013,0.3224043715
"Klebsiella pneumoniae","Ireland","Northern","IE",2013,0.079113924
"Klebsiella pneumoniae","Iceland","Northern","IS",2013,0
"Klebsiella pneumoniae","Italy","Southern","IT",2013,0.2955882352
"Klebsiella pneumoniae","Lithuania","Northern","LT",2013,0.3333333333
"Klebsiella pneumoniae","Luxembourg","Western","LU",2013,0.1698113207
"Klebsiella pneumoniae","Latvia","Northern","LV",2013,0.3977272727
"Klebsiella pneumoniae","Malta","Southern","MT",2013,0.2089552238
"Klebsiella pneumoniae","Netherlands","Western","NL",2013,0.0222222222
"Klebsiella pneumoniae","Norway","Northern","NO",2013,0.0178571428
"Klebsiella pneumoniae","Poland","Eastern","PL",2013,0.5428571428
"Klebsiella pneumoniae","Portugal","Southern","PT",2013,0.2167216721
"Klebsiella pneumoniae","Romania","Eastern","RO",2013,0.4285714285
"Klebsiella pneumoniae","Sweden","Northern","SE",2013,0.0170040485
"Klebsiella pneumoniae","Slovenia","Southern","SI",2013,0.1591836734
"Klebsiella pneumoniae","United Kingdom","Northern","UK",2013,0.0476635514
"Klebsiella pneumoniae","Austria","Western","AT",2014,0.0322222222
"Klebsiella pneumoniae","Belgium","Western","BE",2014,0.0791788856
"Klebsiella pneumoniae","Bulgaria","Eastern","BG",2014,0.4405594405
"Klebsiella pneumoniae","Cyprus","Southern","CY",2014,0.15
"Klebsiella pneumoniae","Czechia","Eastern","CZ",2014,0.3871201157
"Klebsiella pneumoniae","Germany","Western","DE",2014,0.0531154239
"Klebsiella pneumoniae","Denmark","Northern","DK",2014,0.0313513513
"Klebsiella pneumoniae","Estonia","Northern","EE",2014,0.1145038167
"Klebsiella pneumoniae","Greece","Southern","EL",2014,0.5513666352
"Klebsiella pneumoniae","Spain","Southern","ES",2014,0.1005542359
"Klebsiella pneumoniae","Finland","Northern","FI",2014,0.0143884892
"Klebsiella pneumoniae","France","Western","FR",2014,0.2371086556
"Klebsiella pneumoniae","Croatia","Southern","HR",2014,0.306060606
"Klebsiella pneumoniae","Hungary","Eastern","HU",2014,0.286163522
"Klebsiella pneumoniae","Ireland","Northern","IE",2014,0.0736543909
"Klebsiella pneumoniae","Iceland","Northern","IS",2014,0
"Klebsiella pneumoniae","Italy","Southern","IT",2014,0.3195876288
"Klebsiella pneumoniae","Lithuania","Northern","LT",2014,0.3552631578
"Klebsiella pneumoniae","Luxembourg","Western","LU",2014,0.1666666666
"Klebsiella pneumoniae","Latvia","Northern","LV",2014,0.4134615384
"Klebsiella pneumoniae","Malta","Southern","MT",2014,0.2525252525
"Klebsiella pneumoniae","Netherlands","Western","NL",2014,0.0196531791
"Klebsiella pneumoniae","Norway","Northern","NO",2014,0.0389784946
"Klebsiella pneumoniae","Poland","Eastern","PL",2014,0.546275395
"Klebsiella pneumoniae","Portugal","Southern","PT",2014,0.2275659824
"Klebsiella pneumoniae","Romania","Eastern","RO",2014,0.5627530364
"Klebsiella pneumoniae","Sweden","Northern","SE",2014,0.0144462279
"Klebsiella pneumoniae","Slovenia","Southern","SI",2014,0.1888412017
"Klebsiella pneumoniae","United Kingdom","Northern","UK",2014,0.0307692307
"Klebsiella pneumoniae","Austria","Western","AT",2015,0.0331196581
"Klebsiella pneumoniae","Belgium","Western","BE",2015,0.0934844192
"Klebsiella pneumoniae","Bulgaria","Eastern","BG",2015,0.2857142857
"Klebsiella pneumoniae","Cyprus","Southern","CY",2015,0.1774193548
"Klebsiella pneumoniae","Czechia","Eastern","CZ",2015,0.4152542372
"Klebsiella pneumoniae","Germany","Western","DE",2015,0.031685678
"Klebsiella pneumoniae","Denmark","Northern","DK",2015,0.0108225108
"Klebsiella pneumoniae","Estonia","Northern","EE",2015,0.2222222222
"Klebsiella pneumoniae","Greece","Southern","EL",2015,0.4672413793
"Klebsiella pneumoniae","Spain","Southern","ES",2015,0.1169354838
"Klebsiella pneumoniae","Finland","Northern","FI",2015,0.011235955
"Klebsiella pneumoniae","France","Western","FR",2015,0.2246127366
"Klebsiella pneumoniae","Croatia","Southern","HR",2015,0.3236842105
"Klebsiella pneumoniae","Hungary","Eastern","HU",2015,0.3022922636
"Klebsiella pneumoniae","Ireland","Northern","IE",2015,0.0723514211
"Klebsiella pneumoniae","Iceland","Northern","IS",2015,0
"Klebsiella pneumoniae","Italy","Southern","IT",2015,0.2974226804
"Klebsiella pneumoniae","Lithuania","Northern","LT",2015,0.3988764044
"Klebsiella pneumoniae","Luxembourg","Western","LU",2015,0.1333333333
"Klebsiella pneumoniae","Latvia","Northern","LV",2015,0.3660714285
"Klebsiella pneumoniae","Malta","Southern","MT",2015,0.1477272727
"Klebsiella pneumoniae","Netherlands","Western","NL",2015,0.0297356828
"Klebsiella pneumoniae","Norway","Northern","NO",2015,0.0228898426
"Klebsiella pneumoniae","Poland","Eastern","PL",2015,0.5395348837
"Klebsiella pneumoniae","Portugal","Southern","PT",2015,0.2495201535
"Klebsiella pneumoniae","Romania","Eastern","RO",2015,0.4980842911
"Klebsiella pneumoniae","Sweden","Northern","SE",2015,0.0186046511
"Klebsiella pneumoniae","Slovenia","Southern","SI",2015,0.1687763713
"Klebsiella pneumoniae","United Kingdom","Northern","UK",2015,0.0419426048
"Klebsiella pneumoniae","Austria","Western","AT",2016,0.035467128
"Klebsiella pneumoniae","Belgium","Western","BE",2016,0.092621664
"Klebsiella pneumoniae","Bulgaria","Eastern","BG",2016,0.4586466165
"Klebsiella pneumoniae","Cyprus","Southern","CY",2016,0.1866666666
"Klebsiella pneumoniae","Czechia","Eastern","CZ",2016,0.4082369942
"Klebsiella pneumoniae","Germany","Western","DE",2016,0.0533245556
"Klebsiella pneumoniae","Denmark","Northern","DK",2016,0.0143884892
"Klebsiella pneumoniae","Estonia","Northern","EE",2016,0.1693989071
"Klebsiella pneumoniae","Greece","Southern","EL",2016,0.4842015371
"Klebsiella pneumoniae","Spain","Southern","ES",2016,0.1242532855
"Klebsiella pneumoniae","Finland","Northern","FI",2016,0.0123966942
"Klebsiella pneumoniae","France","Western","FR",2016,0.2132237871
"Klebsiella pneumoniae","Croatia","Southern","HR",2016,0.2750809061
"Klebsiella pneumoniae","Hungary","Eastern","HU",2016,0.3009845288
"Klebsiella pneumoniae","Ireland","Northern","IE",2016,0.0575221238
"Klebsiella pneumoniae","Iceland","Northern","IS",2016,0
"Klebsiella pneumoniae","Italy","Southern","IT",2016,0.3270469181
"Klebsiella pneumoniae","Lithuania","Northern","LT",2016,0.4210526315
"Klebsiella pneumoniae","Luxembourg","Western","LU",2016,0.2435897435
"Klebsiella pneumoniae","Latvia","Northern","LV",2016,0.3186813186
"Klebsiella pneumoniae","Malta","Southern","MT",2016,0.1470588235
"Klebsiella pneumoniae","Netherlands","Western","NL",2016,0.0352733686
"Klebsiella pneumoniae","Norway","Northern","NO",2016,0.0260223048
"Klebsiella pneumoniae","Poland","Eastern","PL",2016,0.536121673
"Klebsiella pneumoniae","Portugal","Southern","PT",2016,0.2718696397
"Klebsiella pneumoniae","Romania","Eastern","RO",2016,0.5522388059
"Klebsiella pneumoniae","Sweden","Northern","SE",2016,0.0210341805
"Klebsiella pneumoniae","Slovenia","Southern","SI",2016,0.1310861423
"Klebsiella pneumoniae","United Kingdom","Northern","UK",2016,0.0369287991
"Klebsiella pneumoniae","Austria","Western","AT",2017,0.0301318267
"Klebsiella pneumoniae","Belgium","Western","BE",2017,0.0853080568
"Klebsiella pneumoniae","Bulgaria","Eastern","BG",2017,0.5
"Klebsiella pneumoniae","Cyprus","Southern","CY",2017,0.2535211267
"Klebsiella pneumoniae","Czechia","Eastern","CZ",2017,0.4176072234
"Klebsiella pneumoniae","Germany","Western","DE",2017,0.0633280339
"Klebsiella pneumoniae","Denmark","Northern","DK",2017,0.0240641711
"Klebsiella pneumoniae","Estonia","Northern","EE",2017,0.1180124223
"Klebsiella pneumoniae","Greece","Southern","EL",2017,0.4788104089
"Klebsiella pneumoniae","Spain","Southern","ES",2017,0.128032345
"Klebsiella pneumoniae","Finland","Northern","FI",2017,0.0237430167
"Klebsiella pneumoniae","France","Western","FR",2017,0.1937412095
"Klebsiella pneumoniae","Croatia","Southern","HR",2017,0.2295081967
"Klebsiella pneumoniae","Hungary","Eastern","HU",2017,0.3313868613
"Klebsiella pneumoniae","Ireland","Northern","IE",2017,0.0587002096
"Klebsiella pneumoniae","Iceland","Northern","IS",2017,0
"Klebsiella pneumoniae","Italy","Southern","IT",2017,0.3163265306
"Klebsiella pneumoniae","Lithuania","Northern","LT",2017,0.4813664596
"Klebsiella pneumoniae","Luxembourg","Western","LU",2017,0.1717171717
"Klebsiella pneumoniae","Latvia","Northern","LV",2017,0.125
"Klebsiella pneumoniae","Malta","Southern","MT",2017,0.282051282
"Klebsiella pneumoniae","Netherlands","Western","NL",2017,0.0504625735
"Klebsiella pneumoniae","Norway","Northern","NO",2017,0.0320102432
"Klebsiella pneumoniae","Poland","Eastern","PL",2017,0.5263157894
"Klebsiella pneumoniae","Portugal","Southern","PT",2017,0.2840280339
"Klebsiella pneumoniae","Romania","Eastern","RO",2017,0.5535714285
"Klebsiella pneumoniae","Sweden","Northern","SE",2017,0.0329138431
"Klebsiella pneumoniae","Slovenia","Southern","SI",2017,0.1601307189
"Klebsiella pneumoniae","United Kingdom","Northern","UK",2017,0.0420168067
"Klebsiella pneumoniae","Austria","Western","AT",2018,0.0307564422
"Klebsiella pneumoniae","Belgium","Western","BE",2018,0.0983827493
"Klebsiella pneumoniae","Bulgaria","Eastern","BG",2018,0.4764397905
"Klebsiella pneumoniae","Cyprus","Southern","CY",2018,0.3218390804
"Klebsiella pneumoniae","Czechia","Eastern","CZ",2018,0.3866396761
"Klebsiella pneumoniae","Germany","Western","DE",2018,0.0474471376
"Klebsiella pneumoniae","Denmark","Northern","DK",2018,0.0189818809
"Klebsiella pneumoniae","Estonia","Northern","EE",2018,0.0882352941
"Klebsiella pneumoniae","Greece","Southern","EL",2018,0.5043712172
"Klebsiella pneumoniae","Spain","Southern","ES",2018,0.1573208722
"Klebsiella pneumoniae","Finland","Northern","FI",2018,0.0155642023
"Klebsiella pneumoniae","France","Western","FR",2018,0.2150610583
"Klebsiella pneumoniae","Croatia","Southern","HR",2018,0.282051282
"Klebsiella pneumoniae","Hungary","Eastern","HU",2018,0.2891278375
"Klebsiella pneumoniae","Ireland","Northern","IE",2018,0.0807453416
"Klebsiella pneumoniae","Iceland","Northern","IS",2018,0
"Klebsiella pneumoniae","Italy","Southern","IT",2018,0.2480758904
"Klebsiella pneumoniae","Lithuania","Northern","LT",2018,0.4510869565
"Klebsiella pneumoniae","Luxembourg","Western","LU",2018,0.1529411764
"Klebsiella pneumoniae","Latvia","Northern","LV",2018,0.2763819095
"Klebsiella pneumoniae","Malta","Southern","MT",2018,0.4379562043
"Klebsiella pneumoniae","Netherlands","Western","NL",2018,0.0471042471
"Klebsiella pneumoniae","Norway","Northern","NO",2018,0.038095238
"Klebsiella pneumoniae","Poland","Eastern","PL",2018,0.5154905335
"Klebsiella pneumoniae","Portugal","Southern","PT",2018,0.2667454688
"Klebsiella pneumoniae","Romania","Eastern","RO",2018,0.4631336405
"Klebsiella pneumoniae","Sweden","Northern","SE",2018,0.0257826887
"Klebsiella pneumoniae","United Kingdom","Northern","UK",2018,0.0565434565
"Pseudomonas aeruginosa","Austria","Western","AT",2006,0.0771144278
"Pseudomonas aeruginosa","Bulgaria","Eastern","BG",2006,0.1612903225
"Pseudomonas aeruginosa","Cyprus","Southern","CY",2006,0.1891891891
"Pseudomonas aeruginosa","Czechia","Eastern","CZ",2006,0.3285714285
"Pseudomonas aeruginosa","Germany","Western","DE",2006,0.1419753086
"Pseudomonas aeruginosa","Estonia","Northern","EE",2006,0.0465116279
"Pseudomonas aeruginosa","Greece","Southern","EL",2006,0.4557739557
"Pseudomonas aeruginosa","Spain","Southern","ES",2006,0.0592592592
"Pseudomonas aeruginosa","Finland","Northern","FI",2006,0.0745341614
"Pseudomonas aeruginosa","France","Western","FR",2006,0.0964214711
"Pseudomonas aeruginosa","Croatia","Southern","HR",2006,0.294117647
"Pseudomonas aeruginosa","Hungary","Eastern","HU",2006,0.1153846153
"Pseudomonas aeruginosa","Ireland","Northern","IE",2006,0.09375
"Pseudomonas aeruginosa","Iceland","Northern","IS",2006,0
"Pseudomonas aeruginosa","Italy","Southern","IT",2006,0.2240437158
"Pseudomonas aeruginosa","Lithuania","Northern","LT",2006,0.2857142857
"Pseudomonas aeruginosa","Luxembourg","Western","LU",2006,0
"Pseudomonas aeruginosa","Latvia","Northern","LV",2006,0.2
"Pseudomonas aeruginosa","Malta","Southern","MT",2006,0.0784313725
"Pseudomonas aeruginosa","Netherlands","Western","NL",2006,0.0091463414
"Pseudomonas aeruginosa","Norway","Northern","NO",2006,0.03125
"Pseudomonas aeruginosa","Poland","Eastern","PL",2006,0.3783783783
"Pseudomonas aeruginosa","Portugal","Southern","PT",2006,0.1315789473
"Pseudomonas aeruginosa","Romania","Eastern","RO",2006,0.3076923076
"Pseudomonas aeruginosa","Sweden","Northern","SE",2006,0.0033783783
"Pseudomonas aeruginosa","Slovenia","Southern","SI",2006,0.1388888888
"Pseudomonas aeruginosa","United Kingdom","Northern","UK",2006,0.0157232704
"Pseudomonas aeruginosa","Austria","Western","AT",2007,0.0536585365
"Pseudomonas aeruginosa","Bulgaria","Eastern","BG",2007,0.2142857142
"Pseudomonas aeruginosa","Cyprus","Southern","CY",2007,0.2115384615
"Pseudomonas aeruginosa","Czechia","Eastern","CZ",2007,0.328820116
"Pseudomonas aeruginosa","Germany","Western","DE",2007,0.1624365482
"Pseudomonas aeruginosa","Denmark","Northern","DK",2007,0.0128534704
"Pseudomonas aeruginosa","Estonia","Northern","EE",2007,0.0416666666
"Pseudomonas aeruginosa","Greece","Southern","EL",2007,0.477443609
"Pseudomonas aeruginosa","Spain","Southern","ES",2007,0.0984340044
"Pseudomonas aeruginosa","Finland","Northern","FI",2007,0.0655737704
"Pseudomonas aeruginosa","France","Western","FR",2007,0.10906298
"Pseudomonas aeruginosa","Croatia","Southern","HR",2007,0.2751322751
"Pseudomonas aeruginosa","Hungary","Eastern","HU",2007,0.1470019342
"Pseudomonas aeruginosa","Ireland","Northern","IE",2007,0.0701754385
"Pseudomonas aeruginosa","Iceland","Northern","IS",2007,0
"Pseudomonas aeruginosa","Italy","Southern","IT",2007,0.2663043478
"Pseudomonas aeruginosa","Lithuania","Northern","LT",2007,0.1904761904
"Pseudomonas aeruginosa","Luxembourg","Western","LU",2007,0.1388888888
"Pseudomonas aeruginosa","Latvia","Northern","LV",2007,0.125
"Pseudomonas aeruginosa","Malta","Southern","MT",2007,0.0555555555
"Pseudomonas aeruginosa","Netherlands","Western","NL",2007,0.0177514792
"Pseudomonas aeruginosa","Norway","Northern","NO",2007,0.019047619
"Pseudomonas aeruginosa","Poland","Eastern","PL",2007,0.3134328358
"Pseudomonas aeruginosa","Portugal","Southern","PT",2007,0.0973451327
"Pseudomonas aeruginosa","Romania","Eastern","RO",2007,0.453031869230038
"Pseudomonas aeruginosa","Sweden","Northern","SE",2007,0.0058651026
"Pseudomonas aeruginosa","Slovenia","Southern","SI",2007,0.0909090909
"Pseudomonas aeruginosa","United Kingdom","Northern","UK",2007,0.026239067
"Pseudomonas aeruginosa","Austria","Western","AT",2008,0.0609037328
"Pseudomonas aeruginosa","Bulgaria","Eastern","BG",2008,0.4347826086
"Pseudomonas aeruginosa","Cyprus","Southern","CY",2008,0.2558139534
"Pseudomonas aeruginosa","Czechia","Eastern","CZ",2008,0.3292253521
"Pseudomonas aeruginosa","Germany","Western","DE",2008,0.0598802395
"Pseudomonas aeruginosa","Denmark","Northern","DK",2008,0.0100502512
"Pseudomonas aeruginosa","Estonia","Northern","EE",2008,0.0975609756
"Pseudomonas aeruginosa","Greece","Southern","EL",2008,0.4627363737
"Pseudomonas aeruginosa","Spain","Southern","ES",2008,0.1076642335
"Pseudomonas aeruginosa","Finland","Northern","FI",2008,0.0514285714
"Pseudomonas aeruginosa","France","Western","FR",2008,0.1124780316
"Pseudomonas aeruginosa","Croatia","Southern","HR",2008,0.2772727272
"Pseudomonas aeruginosa","Hungary","Eastern","HU",2008,0.1695906432
"Pseudomonas aeruginosa","Ireland","Northern","IE",2008,0.0476190476
"Pseudomonas aeruginosa","Iceland","Northern","IS",2008,0
"Pseudomonas aeruginosa","Italy","Southern","IT",2008,0.2951807228
"Pseudomonas aeruginosa","Lithuania","Northern","LT",2008,0.238095238
"Pseudomonas aeruginosa","Luxembourg","Western","LU",2008,0.0606060606
"Pseudomonas aeruginosa","Latvia","Northern","LV",2008,0.2727272727
"Pseudomonas aeruginosa","Malta","Southern","MT",2008,0.2258064516
"Pseudomonas aeruginosa","Netherlands","Western","NL",2008,0.0463768115
"Pseudomonas aeruginosa","Norway","Northern","NO",2008,0.0202702702
"Pseudomonas aeruginosa","Poland","Eastern","PL",2008,0.2272727272
"Pseudomonas aeruginosa","Portugal","Southern","PT",2008,0.1349036402
"Pseudomonas aeruginosa","Romania","Eastern","RO",2008,0.576708462653232
"Pseudomonas aeruginosa","Sweden","Northern","SE",2008,0.0095238095
"Pseudomonas aeruginosa","Slovenia","Southern","SI",2008,0.1684210526
"Pseudomonas aeruginosa","United Kingdom","Northern","UK",2008,0.0130293159
"Pseudomonas aeruginosa","Austria","Western","AT",2009,0.0600775193
"Pseudomonas aeruginosa","Belgium","Western","BE",2009,0.0522388059
"Pseudomonas aeruginosa","Bulgaria","Eastern","BG",2009,0.2777777777
"Pseudomonas aeruginosa","Cyprus","Southern","CY",2009,0.1129032258
"Pseudomonas aeruginosa","Czechia","Eastern","CZ",2009,0.3078260869
"Pseudomonas aeruginosa","Germany","Western","DE",2009,0.0736842105
"Pseudomonas aeruginosa","Denmark","Northern","DK",2009,0.0168674698
"Pseudomonas aeruginosa","Estonia","Northern","EE",2009,0.0697674418
"Pseudomonas aeruginosa","Greece","Southern","EL",2009,0.4020427112
"Pseudomonas aeruginosa","Spain","Southern","ES",2009,0.1397058823
"Pseudomonas aeruginosa","Finland","Northern","FI",2009,0.0386266094
"Pseudomonas aeruginosa","France","Western","FR",2009,0.1680327868
"Pseudomonas aeruginosa","Hungary","Eastern","HU",2009,0.207364341
"Pseudomonas aeruginosa","Ireland","Northern","IE",2009,0.0381355932
"Pseudomonas aeruginosa","Iceland","Northern","IS",2009,0
"Pseudomonas aeruginosa","Italy","Southern","IT",2009,0.2769230769
"Pseudomonas aeruginosa","Lithuania","Northern","LT",2009,0.1904761904
"Pseudomonas aeruginosa","Luxembourg","Western","LU",2009,0.1428571428
"Pseudomonas aeruginosa","Latvia","Northern","LV",2009,0.1111111111
"Pseudomonas aeruginosa","Malta","Southern","MT",2009,0.1896551724
"Pseudomonas aeruginosa","Netherlands","Western","NL",2009,0.0213675213
"Pseudomonas aeruginosa","Norway","Northern","NO",2009,0.0181818181
"Pseudomonas aeruginosa","Poland","Eastern","PL",2009,0.2236842105
"Pseudomonas aeruginosa","Portugal","Southern","PT",2009,0.1380597014
"Pseudomonas aeruginosa","Romania","Eastern","RO",2009,0.3076923076
"Pseudomonas aeruginosa","Slovenia","Southern","SI",2009,0.1121495327
"Pseudomonas aeruginosa","United Kingdom","Northern","UK",2009,0.0193548387
"Pseudomonas aeruginosa","Austria","Western","AT",2010,0.0854870775
"Pseudomonas aeruginosa","Belgium","Western","BE",2010,0.0495867768
"Pseudomonas aeruginosa","Bulgaria","Eastern","BG",2010,0.1428571428
"Pseudomonas aeruginosa","Cyprus","Southern","CY",2010,0.1458333333
"Pseudomonas aeruginosa","Czechia","Eastern","CZ",2010,0.294117647
"Pseudomonas aeruginosa","Germany","Western","DE",2010,0.0952380952
"Pseudomonas aeruginosa","Denmark","Northern","DK",2010,0.0194444444
"Pseudomonas aeruginosa","Estonia","Northern","EE",2010,0.2
"Pseudomonas aeruginosa","Greece","Southern","EL",2010,0.4250764525
"Pseudomonas aeruginosa","Spain","Southern","ES",2010,0.1228304405
"Pseudomonas aeruginosa","Finland","Northern","FI",2010,0.0533807829
"Pseudomonas aeruginosa","France","Western","FR",2010,0.1469353484
"Pseudomonas aeruginosa","Croatia","Southern","HR",2010,0.1904761904
"Pseudomonas aeruginosa","Hungary","Eastern","HU",2010,0.1776729559
"Pseudomonas aeruginosa","Ireland","Northern","IE",2010,0.0502283105
"Pseudomonas aeruginosa","Iceland","Northern","IS",2010,0.0833333333
"Pseudomonas aeruginosa","Italy","Southern","IT",2010,0.2077087794
"Pseudomonas aeruginosa","Lithuania","Northern","LT",2010,0.0967741935
"Pseudomonas aeruginosa","Luxembourg","Western","LU",2010,0.09375
"Pseudomonas aeruginosa","Latvia","Northern","LV",2010,0.0952380952
"Pseudomonas aeruginosa","Malta","Southern","MT",2010,0.2857142857
"Pseudomonas aeruginosa","Netherlands","Western","NL",2010,0.0106666666
"Pseudomonas aeruginosa","Norway","Northern","NO",2010,0.0059880239
"Pseudomonas aeruginosa","Poland","Eastern","PL",2010,0.2331288343
"Pseudomonas aeruginosa","Portugal","Southern","PT",2010,0.1405109489
"Pseudomonas aeruginosa","Romania","Eastern","RO",2010,0.5
"Pseudomonas aeruginosa","Sweden","Northern","SE",2010,0.0105820105
"Pseudomonas aeruginosa","Slovenia","Southern","SI",2010,0.0947368421
"Pseudomonas aeruginosa","United Kingdom","Northern","UK",2010,0.0212014134
"Pseudomonas aeruginosa","Austria","Western","AT",2011,0.1061452513
"Pseudomonas aeruginosa","Belgium","Western","BE",2011,0.1103117505
"Pseudomonas aeruginosa","Bulgaria","Eastern","BG",2011,0.25
"Pseudomonas aeruginosa","Cyprus","Southern","CY",2011,0.1960784313
"Pseudomonas aeruginosa","Czechia","Eastern","CZ",2011,0.2120535714
"Pseudomonas aeruginosa","Germany","Western","DE",2011,0.0723514211
"Pseudomonas aeruginosa","Denmark","Northern","DK",2011,0.0321782178
"Pseudomonas aeruginosa","Estonia","Northern","EE",2011,0
"Pseudomonas aeruginosa","Greece","Southern","EL",2011,0.3839572192
"Pseudomonas aeruginosa","Spain","Southern","ES",2011,0.126340882
"Pseudomonas aeruginosa","Finland","Northern","FI",2011,0.0772532188
"Pseudomonas aeruginosa","France","Western","FR",2011,0.1893892658
"Pseudomonas aeruginosa","Croatia","Southern","HR",2011,0.2687224669
"Pseudomonas aeruginosa","Hungary","Eastern","HU",2011,0.1225165562
"Pseudomonas aeruginosa","Ireland","Northern","IE",2011,0.0331491712
"Pseudomonas aeruginosa","Iceland","Northern","IS",2011,0.0588235294
"Pseudomonas aeruginosa","Italy","Southern","IT",2011,0.1725239616
"Pseudomonas aeruginosa","Lithuania","Northern","LT",2011,0.1
"Pseudomonas aeruginosa","Luxembourg","Western","LU",2011,0.15625
"Pseudomonas aeruginosa","Latvia","Northern","LV",2011,0.0833333333
"Pseudomonas aeruginosa","Malta","Southern","MT",2011,0.238095238
"Pseudomonas aeruginosa","Netherlands","Western","NL",2011,0.029953917
"Pseudomonas aeruginosa","Norway","Northern","NO",2011,0.0135135135
"Pseudomonas aeruginosa","Poland","Eastern","PL",2011,0.2577319587
"Pseudomonas aeruginosa","Portugal","Southern","PT",2011,0.1619047619
"Pseudomonas aeruginosa","Romania","Eastern","RO",2011,0.6
"Pseudomonas aeruginosa","Sweden","Northern","SE",2011,0.0240963855
"Pseudomonas aeruginosa","Slovenia","Southern","SI",2011,0.1016949152
"Pseudomonas aeruginosa","United Kingdom","Northern","UK",2011,0.0255536626
"Pseudomonas aeruginosa","Austria","Western","AT",2012,0.1042016806
"Pseudomonas aeruginosa","Belgium","Western","BE",2012,0.0895522388
"Pseudomonas aeruginosa","Bulgaria","Eastern","BG",2012,0.3076923076
"Pseudomonas aeruginosa","Cyprus","Southern","CY",2012,0.173076923
"Pseudomonas aeruginosa","Czechia","Eastern","CZ",2012,0.2126789366
"Pseudomonas aeruginosa","Germany","Western","DE",2012,0.0844748858
"Pseudomonas aeruginosa","Denmark","Northern","DK",2012,0.0180412371
"Pseudomonas aeruginosa","Estonia","Northern","EE",2012,0.0909090909
"Pseudomonas aeruginosa","Greece","Southern","EL",2012,0.3984375
"Pseudomonas aeruginosa","Spain","Southern","ES",2012,0.1078546307
"Pseudomonas aeruginosa","Finland","Northern","FI",2012,0.0458715596
"Pseudomonas aeruginosa","France","Western","FR",2012,0.1468369123
"Pseudomonas aeruginosa","Croatia","Southern","HR",2012,0.233502538
"Pseudomonas aeruginosa","Hungary","Eastern","HU",2012,0.1760904684
"Pseudomonas aeruginosa","Ireland","Northern","IE",2012,0.1023255813
"Pseudomonas aeruginosa","Iceland","Northern","IS",2012,0.1
"Pseudomonas aeruginosa","Italy","Southern","IT",2012,0.2372093023
"Pseudomonas aeruginosa","Lithuania","Northern","LT",2012,0.1428571428
"Pseudomonas aeruginosa","Luxembourg","Western","LU",2012,0.064516129
"Pseudomonas aeruginosa","Latvia","Northern","LV",2012,0.1111111111
"Pseudomonas aeruginosa","Malta","Southern","MT",2012,0
"Pseudomonas aeruginosa","Netherlands","Western","NL",2012,0.0248756218
"Pseudomonas aeruginosa","Norway","Northern","NO",2012,0.0334928229
"Pseudomonas aeruginosa","Poland","Eastern","PL",2012,0.2146892655
"Pseudomonas aeruginosa","Portugal","Southern","PT",2012,0.1805792163
"Pseudomonas aeruginosa","Romania","Eastern","RO",2012,0.4888888888
"Pseudomonas aeruginosa","Sweden","Northern","SE",2012,0.0336134453
"Pseudomonas aeruginosa","Slovenia","Southern","SI",2012,0.0746268656
"Pseudomonas aeruginosa","United Kingdom","Northern","UK",2012,0.0165165165
"Pseudomonas aeruginosa","Austria","Western","AT",2013,0.0826580226
"Pseudomonas aeruginosa","Belgium","Western","BE",2013,0.1090534979
"Pseudomonas aeruginosa","Bulgaria","Eastern","BG",2013,0.0833333333
"Pseudomonas aeruginosa","Cyprus","Southern","CY",2013,0.0425531914
"Pseudomonas aeruginosa","Czechia","Eastern","CZ",2013,0.2325581395
"Pseudomonas aeruginosa","Germany","Western","DE",2013,0.092063492
"Pseudomonas aeruginosa","Denmark","Northern","DK",2013,0.0169082125
"Pseudomonas aeruginosa","Estonia","Northern","EE",2013,0
"Pseudomonas aeruginosa","Greece","Southern","EL",2013,0.3911525029
"Pseudomonas aeruginosa","Spain","Southern","ES",2013,0.1224242424
"Pseudomonas aeruginosa","Finland","Northern","FI",2013,0.0458715596
"Pseudomonas aeruginosa","France","Western","FR",2013,0.125200642
"Pseudomonas aeruginosa","Croatia","Southern","HR",2013,0.1844262295
"Pseudomonas aeruginosa","Hungary","Eastern","HU",2013,0.1874062968
"Pseudomonas aeruginosa","Ireland","Northern","IE",2013,0.0731707317
"Pseudomonas aeruginosa","Iceland","Northern","IS",2013,0
"Pseudomonas aeruginosa","Italy","Southern","IT",2013,0.2428940568
"Pseudomonas aeruginosa","Lithuania","Northern","LT",2013,0.081081081
"Pseudomonas aeruginosa","Luxembourg","Western","LU",2013,0.0588235294
"Pseudomonas aeruginosa","Latvia","Northern","LV",2013,0.24
"Pseudomonas aeruginosa","Malta","Southern","MT",2013,0.08
"Pseudomonas aeruginosa","Netherlands","Western","NL",2013,0.024
"Pseudomonas aeruginosa","Norway","Northern","NO",2013,0.0341463414
"Pseudomonas aeruginosa","Poland","Eastern","PL",2013,0.1436170212
"Pseudomonas aeruginosa","Portugal","Southern","PT",2013,0.119402985
"Pseudomonas aeruginosa","Romania","Eastern","RO",2013,0.5
"Pseudomonas aeruginosa","Sweden","Northern","SE",2013,0.0414312617
"Pseudomonas aeruginosa","Slovenia","Southern","SI",2013,0.1127819548
"Pseudomonas aeruginosa","United Kingdom","Northern","UK",2013,0.0239099859
"Pseudomonas aeruginosa","Austria","Western","AT",2014,0.0705329153
"Pseudomonas aeruginosa","Belgium","Western","BE",2014,0.0841750841
"Pseudomonas aeruginosa","Bulgaria","Eastern","BG",2014,0.2916666666
"Pseudomonas aeruginosa","Cyprus","Southern","CY",2014,0.1428571428
"Pseudomonas aeruginosa","Czechia","Eastern","CZ",2014,0.2017937219
"Pseudomonas aeruginosa","Germany","Western","DE",2014,0.0886469673
"Pseudomonas aeruginosa","Denmark","Northern","DK",2014,0.0154639175
"Pseudomonas aeruginosa","Estonia","Northern","EE",2014,0
"Pseudomonas aeruginosa","Greece","Southern","EL",2014,0.3608247422
"Pseudomonas aeruginosa","Spain","Southern","ES",2014,0.1237113402
"Pseudomonas aeruginosa","Finland","Northern","FI",2014,0.0392156862
"Pseudomonas aeruginosa","France","Western","FR",2014,0.1322869955
"Pseudomonas aeruginosa","Croatia","Southern","HR",2014,0.3146551724
"Pseudomonas aeruginosa","Hungary","Eastern","HU",2014,0.2171581769
"Pseudomonas aeruginosa","Ireland","Northern","IE",2014,0.0561797752
"Pseudomonas aeruginosa","Iceland","Northern","IS",2014,0
"Pseudomonas aeruginosa","Italy","Southern","IT",2014,0.2292225201
"Pseudomonas aeruginosa","Lithuania","Northern","LT",2014,0.2580645161
"Pseudomonas aeruginosa","Luxembourg","Western","LU",2014,0.0487804878
"Pseudomonas aeruginosa","Latvia","Northern","LV",2014,0.1111111111
"Pseudomonas aeruginosa","Malta","Southern","MT",2014,0.0555555555
"Pseudomonas aeruginosa","Netherlands","Western","NL",2014,0.0276752767
"Pseudomonas aeruginosa","Norway","Northern","NO",2014,0.0155642023
"Pseudomonas aeruginosa","Poland","Eastern","PL",2014,0.2673796791
"Pseudomonas aeruginosa","Portugal","Southern","PT",2014,0.2058270676
"Pseudomonas aeruginosa","Romania","Eastern","RO",2014,0.5957446808
"Pseudomonas aeruginosa","Sweden","Northern","SE",2014,0.0160550458
"Pseudomonas aeruginosa","Slovenia","Southern","SI",2014,0.1875
"Pseudomonas aeruginosa","United Kingdom","Northern","UK",2014,0.0159489633
"Pseudomonas aeruginosa","Austria","Western","AT",2015,0.0676470588
"Pseudomonas aeruginosa","Belgium","Western","BE",2015,0.0461538461
"Pseudomonas aeruginosa","Bulgaria","Eastern","BG",2015,0.2909090909
"Pseudomonas aeruginosa","Cyprus","Southern","CY",2015,0.0232558139
"Pseudomonas aeruginosa","Czechia","Eastern","CZ",2015,0.1896551724
"Pseudomonas aeruginosa","Germany","Western","DE",2015,0.079299691
"Pseudomonas aeruginosa","Denmark","Northern","DK",2015,0.0226757369
"Pseudomonas aeruginosa","Estonia","Northern","EE",2015,0
"Pseudomonas aeruginosa","Greece","Southern","EL",2015,0.2837837837
"Pseudomonas aeruginosa","Spain","Southern","ES",2015,0.1418764302
"Pseudomonas aeruginosa","Finland","Northern","FI",2015,0.0469208211
"Pseudomonas aeruginosa","France","Western","FR",2015,0.1201030927
"Pseudomonas aeruginosa","Croatia","Southern","HR",2015,0.280155642
"Pseudomonas aeruginosa","Hungary","Eastern","HU",2015,0.209090909
"Pseudomonas aeruginosa","Ireland","Northern","IE",2015,0.0512820512
"Pseudomonas aeruginosa","Iceland","Northern","IS",2015,0
"Pseudomonas aeruginosa","Italy","Southern","IT",2015,0.1996303142
"Pseudomonas aeruginosa","Lithuania","Northern","LT",2015,0.243902439
"Pseudomonas aeruginosa","Luxembourg","Western","LU",2015,0.0357142857
"Pseudomonas aeruginosa","Latvia","Northern","LV",2015,0.1538461538
"Pseudomonas aeruginosa","Malta","Southern","MT",2015,0.12
"Pseudomonas aeruginosa","Netherlands","Western","NL",2015,0.0278884462
"Pseudomonas aeruginosa","Norway","Northern","NO",2015,0.0130434782
"Pseudomonas aeruginosa","Poland","Eastern","PL",2015,0.2961538461
"Pseudomonas aeruginosa","Portugal","Southern","PT",2015,0.1694772344
"Pseudomonas aeruginosa","Romania","Eastern","RO",2015,0.6304347826
"Pseudomonas aeruginosa","Sweden","Northern","SE",2015,0.0259067357
"Pseudomonas aeruginosa","Slovenia","Southern","SI",2015,0.0709219858
"Pseudomonas aeruginosa","United Kingdom","Northern","UK",2015,0.0379241516
"Pseudomonas aeruginosa","Austria","Western","AT",2016,0.0674318507
"Pseudomonas aeruginosa","Belgium","Western","BE",2016,0.06284153
"Pseudomonas aeruginosa","Bulgaria","Eastern","BG",2016,0.3571428571
"Pseudomonas aeruginosa","Cyprus","Southern","CY",2016,0.046875
"Pseudomonas aeruginosa","Czechia","Eastern","CZ",2016,0.1961206896
"Pseudomonas aeruginosa","Germany","Western","DE",2016,0.0758959943
"Pseudomonas aeruginosa","Denmark","Northern","DK",2016,0.0130434782
"Pseudomonas aeruginosa","Estonia","Northern","EE",2016,0.0357142857
"Pseudomonas aeruginosa","Greece","Southern","EL",2016,0.3162393162
"Pseudomonas aeruginosa","Spain","Southern","ES",2016,0.1447212336
"Pseudomonas aeruginosa","Finland","Northern","FI",2016,0.034090909
"Pseudomonas aeruginosa","France","Western","FR",2016,0.1069979716
"Pseudomonas aeruginosa","Croatia","Southern","HR",2016,0.3192307692
"Pseudomonas aeruginosa","Hungary","Eastern","HU",2016,0.1905405405
"Pseudomonas aeruginosa","Ireland","Northern","IE",2016,0.086419753
"Pseudomonas aeruginosa","Iceland","Northern","IS",2016,0
"Pseudomonas aeruginosa","Italy","Southern","IT",2016,0.2014925373
"Pseudomonas aeruginosa","Lithuania","Northern","LT",2016,0.1081081081
"Pseudomonas aeruginosa","Luxembourg","Western","LU",2016,0.025
"Pseudomonas aeruginosa","Latvia","Northern","LV",2016,0.1875
"Pseudomonas aeruginosa","Malta","Southern","MT",2016,0.05
"Pseudomonas aeruginosa","Netherlands","Western","NL",2016,0.0257826887
"Pseudomonas aeruginosa","Norway","Northern","NO",2016,0.026431718
"Pseudomonas aeruginosa","Poland","Eastern","PL",2016,0.2059553349
"Pseudomonas aeruginosa","Portugal","Southern","PT",2016,0.1479674796
"Pseudomonas aeruginosa","Romania","Eastern","RO",2016,0.4888888888
"Pseudomonas aeruginosa","Sweden","Northern","SE",2016,0.0529661016
"Pseudomonas aeruginosa","Slovenia","Southern","SI",2016,0.1538461538
"Pseudomonas aeruginosa","United Kingdom","Northern","UK",2016,0.0248709526
"Pseudomonas aeruginosa","Austria","Western","AT",2017,0.0704419889
"Pseudomonas aeruginosa","Belgium","Western","BE",2017,0.0660592255
"Pseudomonas aeruginosa","Bulgaria","Eastern","BG",2017,0.2676056338
"Pseudomonas aeruginosa","Cyprus","Southern","CY",2017,0.0943396226
"Pseudomonas aeruginosa","Czechia","Eastern","CZ",2017,0.1727493917
"Pseudomonas aeruginosa","Germany","Western","DE",2017,0.069656992
"Pseudomonas aeruginosa","Denmark","Northern","DK",2017,0.0041322314
"Pseudomonas aeruginosa","Estonia","Northern","EE",2017,0.0877192982
"Pseudomonas aeruginosa","Greece","Southern","EL",2017,0.3235294117
"Pseudomonas aeruginosa","Spain","Southern","ES",2017,0.1089223638
"Pseudomonas aeruginosa","Finland","Northern","FI",2017,0.0343915343
"Pseudomonas aeruginosa","France","Western","FR",2017,0.1064950263
"Pseudomonas aeruginosa","Croatia","Southern","HR",2017,0.2142857142
"Pseudomonas aeruginosa","Hungary","Eastern","HU",2017,0.1809523809
"Pseudomonas aeruginosa","Ireland","Northern","IE",2017,0.0763888888
"Pseudomonas aeruginosa","Iceland","Northern","IS",2017,0
"Pseudomonas aeruginosa","Italy","Southern","IT",2017,0.1747910863
"Pseudomonas aeruginosa","Lithuania","Northern","LT",2017,0.1685393258
"Pseudomonas aeruginosa","Luxembourg","Western","LU",2017,0.0535714285
"Pseudomonas aeruginosa","Latvia","Northern","LV",2017,0.224680554560091
"Pseudomonas aeruginosa","Malta","Southern","MT",2017,0.081081081
"Pseudomonas aeruginosa","Netherlands","Western","NL",2017,0.0213089802
"Pseudomonas aeruginosa","Norway","Northern","NO",2017,0.0146341463
"Pseudomonas aeruginosa","Poland","Eastern","PL",2017,0.2278177458
"Pseudomonas aeruginosa","Portugal","Southern","PT",2017,0.1606260296
"Pseudomonas aeruginosa","Romania","Eastern","RO",2017,0.5909090909
"Pseudomonas aeruginosa","Sweden","Northern","SE",2017,0.0313901345
"Pseudomonas aeruginosa","Slovenia","Southern","SI",2017,0.1086956521
"Pseudomonas aeruginosa","United Kingdom","Northern","UK",2017,0.0243816254
"Pseudomonas aeruginosa","Austria","Western","AT",2018,0.0719131614
"Pseudomonas aeruginosa","Belgium","Western","BE",2018,0.0528634361
"Pseudomonas aeruginosa","Bulgaria","Eastern","BG",2018,0.2555555555
"Pseudomonas aeruginosa","Cyprus","Southern","CY",2018,0.1636363636
"Pseudomonas aeruginosa","Czechia","Eastern","CZ",2018,0.2189239332
"Pseudomonas aeruginosa","Germany","Western","DE",2018,0.0603448275
"Pseudomonas aeruginosa","Denmark","Northern","DK",2018,0.0122699386
"Pseudomonas aeruginosa","Estonia","Northern","EE",2018,0.0625
"Pseudomonas aeruginosa","Greece","Southern","EL",2018,0.2865497076
"Pseudomonas aeruginosa","Spain","Southern","ES",2018,0.1089285714
"Pseudomonas aeruginosa","Finland","Northern","FI",2018,0.0179028132
"Pseudomonas aeruginosa","France","Western","FR",2018,0.1098204857
"Pseudomonas aeruginosa","Croatia","Southern","HR",2018,0.19
"Pseudomonas aeruginosa","Hungary","Eastern","HU",2018,0.2019826517
"Pseudomonas aeruginosa","Ireland","Northern","IE",2018,0.0329670329
"Pseudomonas aeruginosa","Iceland","Northern","IS",2018,0
"Pseudomonas aeruginosa","Italy","Southern","IT",2018,0.1487025948
"Pseudomonas aeruginosa","Lithuania","Northern","LT",2018,0.1188118811
"Pseudomonas aeruginosa","Luxembourg","Western","LU",2018,0.033898305
"Pseudomonas aeruginosa","Latvia","Northern","LV",2018,0.3076923076
"Pseudomonas aeruginosa","Malta","Southern","MT",2018,0.0344827586
"Pseudomonas aeruginosa","Netherlands","Western","NL",2018,0.0208955223
"Pseudomonas aeruginosa","Norway","Northern","NO",2018,0.024
"Pseudomonas aeruginosa","Poland","Eastern","PL",2018,0.2944162436
"Pseudomonas aeruginosa","Portugal","Southern","PT",2018,0.1525270758
"Pseudomonas aeruginosa","Romania","Eastern","RO",2018,0.4935064935
"Pseudomonas aeruginosa","Sweden","Northern","SE",2018,0.0194174757
"Pseudomonas aeruginosa","United Kingdom","Northern","UK",2018,0.030313966
