Country;Period;FactValueForMeasure
Afghanistan;2017;67.12
Afghanistan;2016;61.45
Afghanistan;2015;60.09
Afghanistan;2014;60.11
Afghanistan;2013;55.97
Afghanistan;2012;52.22
Afghanistan;2011;51.55
Afghanistan;2010;45.59
Afghanistan;2009;42.3
Afghanistan;2008;38.7
Afghanistan;2007;31.84
Afghanistan;2006;28.42
Afghanistan;2005;24.45
Algeria;2017;258.5
Algeria;2016;260.4
Algeria;2015;290.5
Algeria;2014;357.9
Algeria;2013;330.2
Algeria;2012;333.9
Algeria;2011;286.2
Algeria;2010;228.4
Algeria;2009;207.3
Algeria;2008;206.1
Algeria;2007;150.4
Algeria;2006;116.2
Algeria;2005;100.3
Andorra;2017;4041
Andorra;2016;3844
Andorra;2015;3695
Andorra;2014;4346
Andorra;2013;4108
Andorra;2012;3857
Andorra;2011;4014
Andorra;2010;3755
Andorra;2009;3912
Andorra;2008;4202
Andorra;2007;4095
Andorra;2006;3690
Andorra;2005;3536
Angola;2017;114.5
Angola;2016;95.22
Angola;2015;108.7
Angola;2014;131.8
Angola;2013;143.7
Angola;2012;122.2
Angola;2011;122.1
Angola;2010;96.64
Angola;2009;119.8
Angola;2008;135.2
Angola;2007;92.45
Angola;2006;69.42
Angola;2005;53.93
Antigua and Barbuda;2017;673.9
Antigua and Barbuda;2016;632.2
Antigua and Barbuda;2015;639.6
Antigua and Barbuda;2014;677.6
Antigua and Barbuda;2013;660.6
Antigua and Barbuda;2012;649.8
Antigua and Barbuda;2011;632
Antigua and Barbuda;2010;631.6
Antigua and Barbuda;2009;575.3
Antigua and Barbuda;2008;650.1
Antigua and Barbuda;2007;675.7
Antigua and Barbuda;2006;598.3
Antigua and Barbuda;2005;569.3
Argentina;2017;1325
Argentina;2016;959.3
Argentina;2015;1305
Argentina;2014;1090
Argentina;2013;1207
Argentina;2012;1168
Argentina;2011;1069
Argentina;2010;891.1
Argentina;2009;742.8
Argentina;2008;694.7
Argentina;2007;551.8
Argentina;2006;447.4
Argentina;2005;390.1
Armenia;2017;407.6
Armenia;2016;358.8
Armenia;2015;366
Armenia;2014;406.6
Armenia;2013;396.8
Armenia;2012;336.6
Armenia;2011;330.7
Armenia;2010;297.2
Armenia;2009;252.8
Armenia;2008;266.3
Armenia;2007;172.6
Armenia;2006;126.2
Armenia;2005;96.36
Australia;2017;5332
Australia;2016;5000
Australia;2015;4888
Australia;2014;5638
Australia;2013;5838
Australia;2012;6047
Australia;2011;5877
Australia;2010;4953
Australia;2009;3998
Australia;2008;4089
Australia;2007;3794
Australia;2006;3177
Australia;2005;3004
Austria;2017;4940
Austria;2016;4719
Austria;2015;4611
Austria;2014;5386
Austria;2013;5234
Austria;2012;4966
Austria;2011;5161
Austria;2010;4796
Austria;2009;4909
Austria;2008;5037
Austria;2007;4473
Austria;2006;3880
Austria;2005;3709
Azerbaijan;2017;275.8
Azerbaijan;2016;259.4
Azerbaijan;2015;370.5
Azerbaijan;2014;432.9
Azerbaijan;2013;399.4
Azerbaijan;2012;368.7
Azerbaijan;2011;325.1
Azerbaijan;2010;279.3
Azerbaijan;2009;258.2
Azerbaijan;2008;224.4
Azerbaijan;2007;176.7
Azerbaijan;2006;140.1
Azerbaijan;2005;115.3
Bahamas;2017;1772
Bahamas;2016;1837
Bahamas;2015;1742
Bahamas;2014;1689
Bahamas;2013;1697
Bahamas;2012;1743
Bahamas;2011;1662
Bahamas;2010;1658
Bahamas;2009;1670
Bahamas;2008;1748
Bahamas;2007;1715
Bahamas;2006;1631
Bahamas;2005;1389
Bahrain;2017;1127
Bahrain;2016;1099
Bahrain;2015;1129
Bahrain;2014;1101
Bahrain;2013;1066
Bahrain;2012;971.2
Bahrain;2011;805.2
Bahrain;2010;796.3
Bahrain;2009;785.3
Bahrain;2008;757.8
Bahrain;2007;693
Bahrain;2006;591.3
Bahrain;2005;570.3
Bangladesh;2017;36.28
Bangladesh;2016;33.53
Bangladesh;2015;31.84
Bangladesh;2014;28.83
Bangladesh;2013;25.86
Bangladesh;2012;22.75
Bangladesh;2011;22.16
Bangladesh;2010;20.18
Bangladesh;2009;17.38
Bangladesh;2008;15.33
Bangladesh;2007;13.88
Bangladesh;2006;11.96
Bangladesh;2005;11.25
Barbados;2017;1184
Barbados;2016;1164
Barbados;2015;1158
Barbados;2014;1178
Barbados;2013;1258
Barbados;2012;1273
Barbados;2011;1145
Barbados;2010;1098
Barbados;2009;1146
Barbados;2008;1118
Barbados;2007;1025
Barbados;2006;1009
Barbados;2005;943.5
Belarus;2017;342.5
Belarus;2016;297.5
Belarus;2015;361
Belarus;2014;447.7
Belarus;2013;453.8
Belarus;2012;363.8
Belarus;2011;318
Belarus;2010;341.8
Belarus;2009;289.1
Belarus;2008;349.7
Belarus;2007;279.4
Belarus;2006;222.5
Belarus;2005;197.1
Belgium;2017;4507
Belgium;2016;4279
Belgium;2015;4171
Belgium;2014;4944
Belgium;2013;4850
Belgium;2012;4615
Belgium;2011;4856
Belgium;2010;4450
Belgium;2009;4567
Belgium;2008;4540
Belgium;2007;3989
Belgium;2006;3474
Belgium;2005;3340
Belize;2017;280.5
Belize;2016;300.2
Belize;2015;289.6
Belize;2014;273.1
Belize;2013;266.3
Belize;2012;249.5
Belize;2011;254.4
Belize;2010;250.3
Belize;2009;246.5
Belize;2008;226.4
Belize;2007;218.1
Belize;2006;192.7
Belize;2005;184.3
Benin;2017;30.77
Benin;2016;30.4
Benin;2015;31.29
Benin;2014;34.4
Benin;2013;35.76
Benin;2012;39.1
Benin;2011;34.87
Benin;2010;30.99
Benin;2009;30.6
Benin;2008;30.21
Benin;2007;27.9
Benin;2006;25.4
Benin;2005;24.15
Bhutan;2017;96.8
Bhutan;2016;91.34
Bhutan;2015;91.11
Bhutan;2014;82.33
Bhutan;2013;81.93
Bhutan;2012;80.11
Bhutan;2011;74.49
Bhutan;2010;69.8
Bhutan;2009;58.03
Bhutan;2008;56.39
Bhutan;2007;63.94
Bhutan;2006;54.1
Bhutan;2005;47.17
Bolivia (Plurinational State of);2017;220.3
Bolivia (Plurinational State of);2016;213
Bolivia (Plurinational State of);2015;201.6
Bolivia (Plurinational State of);2014;184.2
Bolivia (Plurinational State of);2013;164.3
Bolivia (Plurinational State of);2012;139
Bolivia (Plurinational State of);2011;123
Bolivia (Plurinational State of);2010;103.1
Bolivia (Plurinational State of);2009;91.94
Bolivia (Plurinational State of);2008;80.02
Bolivia (Plurinational State of);2007;65.27
Bolivia (Plurinational State of);2006;57.5
Bolivia (Plurinational State of);2005;53.1
Bosnia and Herzegovina;2017;460.5
Bosnia and Herzegovina;2016;443.8
Bosnia and Herzegovina;2015;428.2
Bosnia and Herzegovina;2014;492.1
Bosnia and Herzegovina;2013;477.8
Bosnia and Herzegovina;2012;447.6
Bosnia and Herzegovina;2011;463.5
Bosnia and Herzegovina;2010;415.9
Bosnia and Herzegovina;2009;423.8
Bosnia and Herzegovina;2008;481.7
Bosnia and Herzegovina;2007;386.9
Bosnia and Herzegovina;2006;302.4
Bosnia and Herzegovina;2005;261.8
Botswana;2017;465.9
Botswana;2016;386.6
Botswana;2015;373.8
Botswana;2014;419.5
Botswana;2013;435.8
Botswana;2012;472.3
Botswana;2011;432.3
Botswana;2010;393.1
Botswana;2009;338.4
Botswana;2008;325.1
Botswana;2007;304.7
Botswana;2006;256.8
Botswana;2005;268.6
Brazil;2017;928.8
Brazil;2016;795.7
Brazil;2015;776.2
Brazil;2014;1010
Brazil;2013;974.5
Brazil;2012;950.9
Brazil;2011;1025
Brazil;2010;891.8
Brazil;2009;718
Brazil;2008;704
Brazil;2007;599.9
Brazil;2006;483.4
Brazil;2005;383.3
Brunei Darussalam;2017;671.4
Brunei Darussalam;2016;686.5
Brunei Darussalam;2015;739.2
Brunei Darussalam;2014;795
Brunei Darussalam;2013;846.6
Brunei Darussalam;2012;882
Brunei Darussalam;2011;876.4
Brunei Darussalam;2010;803.5
Brunei Darussalam;2009;741.6
Brunei Darussalam;2008;789
Brunei Darussalam;2007;702.9
Brunei Darussalam;2006;654.7
Brunei Darussalam;2005;646.1
Bulgaria;2017;663.7
Bulgaria;2016;612.5
Bulgaria;2015;572
Bulgaria;2014;666.4
Bulgaria;2013;600.3
Bulgaria;2012;558.6
Bulgaria;2011;555.9
Bulgaria;2010;484.8
Bulgaria;2009;459.3
Bulgaria;2008;455.5
Bulgaria;2007;361.2
Bulgaria;2006;294.1
Bulgaria;2005;267.7
Burkina Faso;2017;44.4
Burkina Faso;2016;40.95
Burkina Faso;2015;33.51
Burkina Faso;2014;39.59
Burkina Faso;2013;43.8
Burkina Faso;2012;34.89
Burkina Faso;2011;34.87
Burkina Faso;2010;33.91
Burkina Faso;2009;31.59
Burkina Faso;2008;29.78
Burkina Faso;2007;27.97
Burkina Faso;2006;21.35
Burkina Faso;2005;18.09
Burundi;2017;23.5
Burundi;2016;22.34
Burundi;2015;19.38
Burundi;2014;20.44
Burundi;2013;21.8
Burundi;2012;21.35
Burundi;2011;24.9
Burundi;2010;26.14
Burundi;2009;21.65
Burundi;2008;18.13
Burundi;2007;18.07
Burundi;2006;16.49
Burundi;2005;12.68
Cabo Verde;2017;167.6
Cabo Verde;2016;149.3
Cabo Verde;2015;144.4
Cabo Verde;2014;188.2
Cabo Verde;2013;188.2
Cabo Verde;2012;174
Cabo Verde;2011;158.1
Cabo Verde;2010;148.2
Cabo Verde;2009;132.6
Cabo Verde;2008;130.3
Cabo Verde;2007;130.3
Cabo Verde;2006;115.5
Cabo Verde;2005;98.23
Cambodia;2017;82.08
Cambodia;2016;77.67
Cambodia;2015;72.05
Cambodia;2014;73.3
Cambodia;2013;72.01
Cambodia;2012;69.06
Cambodia;2011;66.22
Cambodia;2010;54.3
Cambodia;2009;55.98
Cambodia;2008;49.23
Cambodia;2007;30.97
Cambodia;2006;33.03
Cambodia;2005;32.5
Cameroon;2017;67.81
Cameroon;2016;65.12
Cameroon;2015;63.63
Cameroon;2014;71.24
Cameroon;2013;67.27
Cameroon;2012;62.7
Cameroon;2011;48.59
Cameroon;2010;58.96
Cameroon;2009;57.97
Cameroon;2008;61.45
Cameroon;2007;50.58
Cameroon;2006;44.36
Cameroon;2005;42.67
Canada;2017;4755
Canada;2016;4518
Canada;2015;4539
Canada;2014;5082
Canada;2013;5345
Canada;2012;5409
Canada;2011;5361
Canada;2010;5044
Canada;2009;4348
Canada;2008;4454
Canada;2007;4190
Canada;2006;3767
Canada;2005;3283
Central African Republic;2017;24.15
Central African Republic;2016;16.36
Central African Republic;2015;21.98
Central African Republic;2014;18.3
Central African Republic;2013;16.35
Central African Republic;2012;18.72
Central African Republic;2011;18.75
Central African Republic;2010;16.71
Central African Republic;2009;19.55
Central African Republic;2008;18.38
Central African Republic;2007;18.94
Central African Republic;2006;15.5
Central African Republic;2005;15.43
Chad;2017;29.73
Chad;2016;34.61
Chad;2015;35.35
Chad;2014;44.03
Chad;2013;40.22
Chad;2012;37.65
Chad;2011;38.73
Chad;2010;36.49
Chad;2009;35.86
Chad;2008;37.88
Chad;2007;34.96
Chad;2006;34.76
Chad;2005;32.07
Chile;2017;1382
Chile;2016;1191
Chile;2015;1140
Chile;2014;1155
Chile;2013;1187
Chile;2012;1083
Chile;2011;995.8
Chile;2010;871.3
Chile;2009;738.5
Chile;2008;726.7
Chile;2007;650.1
Chile;2006;572.4
Chile;2005;501.8
China;2017;440.8
China;2016;398.3
China;2015;392.8
China;2014;361.7
China;2013;328.2
China;2012;283.5
China;2011;237.9
China;2010;187.7
China;2009;163.7
China;2008;132.8
China;2007;97.75
China;2006;81.79
China;2005;72.36
Colombia;2017;459.2
Colombia;2016;419.3
Colombia;2015;444.1
Colombia;2014;569.9
Colombia;2013;585.8
Colombia;2012;533.7
Colombia;2011;489.4
Colombia;2010;441.3
Colombia;2009;374.1
Colombia;2008;369
Colombia;2007;301.6
Colombia;2006;233.6
Colombia;2005;204.1
Comoros;2017;58.76
Comoros;2016;57.54
Comoros;2015;58.18
Comoros;2014;68.42
Comoros;2013;68.87
Comoros;2012;65.27
Comoros;2011;78.61
Comoros;2010;67.09
Comoros;2009;68.1
Comoros;2008;72.41
Comoros;2007;67.7
Comoros;2006;62.44
Comoros;2005;62.39
Congo;2017;49.98
Congo;2016;52.95
Congo;2015;58.45
Congo;2014;72.46
Congo;2013;73.44
Congo;2012;72.93
Congo;2011;60.71
Congo;2010;55.45
Congo;2009;48.77
Congo;2008;63.13
Congo;2007;41.96
Congo;2006;35.86
Congo;2005;30.71
Cook Islands;2017;588.7
Cook Islands;2016;575.8
Cook Islands;2015;467.2
Cook Islands;2014;597.3
Cook Islands;2013;552.2
Cook Islands;2012;527.8
Cook Islands;2011;532.6
Cook Islands;2010;478
Cook Islands;2009;399.8
Cook Islands;2008;401.6
Cook Islands;2007;429.1
Cook Islands;2006;351.8
Cook Islands;2005;386.3
Costa Rica;2017;869.1
Costa Rica;2016;886.5
Costa Rica;2015;891.3
Costa Rica;2014;837.9
Costa Rica;2013;831.7
Costa Rica;2012;790.2
Costa Rica;2011;755
Costa Rica;2010;665.3
Costa Rica;2009;538.4
Costa Rica;2008;519.3
Costa Rica;2007;430.5
Costa Rica;2006;365.6
Costa Rica;2005;314.5
Côte d’Ivoire;2017;69.75
Côte d’Ivoire;2016;67.57
Côte d’Ivoire;2015;63.4
Côte d’Ivoire;2014;80.84
Côte d’Ivoire;2013;73.14
Côte d’Ivoire;2012;76.55
Côte d’Ivoire;2011;74.67
Côte d’Ivoire;2010;74.45
Côte d’Ivoire;2009;75.22
Côte d’Ivoire;2008;78.46
Côte d’Ivoire;2007;67.07
Côte d’Ivoire;2006;54.8
Côte d’Ivoire;2005;49.27
Croatia;2017;902.1
Croatia;2016;840.9
Croatia;2015;795.5
Croatia;2014;909.4
Croatia;2013;889.9
Croatia;2012;1030
Croatia;2011;1132
Croatia;2010;1126
Croatia;2009;1188
Croatia;2008;1259
Croatia;2007;1041
Croatia;2006;816
Croatia;2005;727.1
Cuba;2017;987.6
Cuba;2016;972.8
Cuba;2015;975
Cuba;2014;856
Cuba;2013;705.2
Cuba;2012;597.6
Cuba;2011;692.6
Cuba;2010;606.7
Cuba;2009;674.1
Cuba;2008;608.3
Cuba;2007;568.6
Cuba;2006;386.2
Cuba;2005;330.9
Cyprus;2017;1732
Cyprus;2016;1637
Cyprus;2015;1582
Cyprus;2014;1846
Cyprus;2013;1920
Cyprus;2012;1943
Cyprus;2011;2153
Cyprus;2010;1959
Cyprus;2009;2105
Cyprus;2008;2155
Cyprus;2007;1694
Cyprus;2006;1474
Cyprus;2005;1366
Czechia;2017;1476
Czechia;2016;1322
Czechia;2015;1284
Czechia;2014;1513
Czechia;2013;1555
Czechia;2012;1387
Czechia;2011;1517
Czechia;2010;1374
Czechia;2009;1442
Czechia;2008;1449
Czechia;2007;1110
Czechia;2006;942.1
Czechia;2005;852.7
Democratic Republic of the Congo;2017;19.43
Democratic Republic of the Congo;2016;20.6
Democratic Republic of the Congo;2015;19.88
Democratic Republic of the Congo;2014;19.38
Democratic Republic of the Congo;2013;16.34
Democratic Republic of the Congo;2012;14.25
Democratic Republic of the Congo;2011;12.64
Democratic Republic of the Congo;2010;12.86
Democratic Republic of the Congo;2009;13.59
Democratic Republic of the Congo;2008;16.36
Democratic Republic of the Congo;2007;12.44
Democratic Republic of the Congo;2006;11.27
Democratic Republic of the Congo;2005;9.34
Denmark;2017;5800
Denmark;2016;5566
Denmark;2015;5469
Denmark;2014;6381
Denmark;2013;6237
Denmark;2012;6004
Denmark;2011;6281
Denmark;2010;6012
Denmark;2009;6222
Denmark;2008;6138
Denmark;2007;5468
Denmark;2006;4779
Denmark;2005;4443
Djibouti;2017;70.33
Djibouti;2016;75.15
Djibouti;2015;81.73
Djibouti;2014;72.04
Djibouti;2013;66.53
Djibouti;2012;71.15
Djibouti;2011;67.8
Djibouti;2010;55.48
Djibouti;2009;54.72
Djibouti;2008;53.53
Djibouti;2007;50.2
Djibouti;2006;47.23
Djibouti;2005;40.96
Dominica;2017;439.6
Dominica;2016;412
Dominica;2015;395.9
Dominica;2014;396.3
Dominica;2013;371.9
Dominica;2012;393.1
Dominica;2011;372.7
Dominica;2010;384.9
Dominica;2009;385.2
Dominica;2008;352.5
Dominica;2007;318.7
Dominica;2006;288.1
Dominica;2005;269.8
Dominican Republic;2017;433.2
Dominican Republic;2016;414.3
Dominican Republic;2015;391
Dominican Republic;2014;371.3
Dominican Republic;2013;351.4
Dominican Republic;2012;351.7
Dominican Republic;2011;327.9
Dominican Republic;2010;303.6
Dominican Republic;2009;251.3
Dominican Republic;2008;236
Dominican Republic;2007;194.6
Dominican Republic;2006;161.4
Dominican Republic;2005;168.6
Ecuador;2017;518
Ecuador;2016;506
Ecuador;2015;528.2
Ecuador;2014;551.5
Ecuador;2013;519.9
Ecuador;2012;483.5
Ecuador;2011;410.8
Ecuador;2010;331.7
Ecuador;2009;274
Ecuador;2008;248.6
Ecuador;2007;210.6
Ecuador;2006;190.6
Ecuador;2005;168.6
Egypt;2017;105.8
Egypt;2016;151.5
Egypt;2015;180.8
Egypt;2014;153.8
Egypt;2013;140.3
Egypt;2012;143.4
Egypt;2011;123.3
Egypt;2010;111.4
Egypt;2009;104.9
Egypt;2008;95.63
Egypt;2007;77.66
Egypt;2006;70.18
Egypt;2005;62.82
El Salvador;2017;282.5
El Salvador;2016;293.8
El Salvador;2015;283.3
El Salvador;2014;276.3
El Salvador;2013;271.5
El Salvador;2012;259.2
El Salvador;2011;266.8
El Salvador;2010;246.5
El Salvador;2009;240.9
El Salvador;2008;225.6
El Salvador;2007;213.6
El Salvador;2006;209.3
El Salvador;2005;205.7
Equatorial Guinea;2017;301.2
Equatorial Guinea;2016;290.3
Equatorial Guinea;2015;326.9
Equatorial Guinea;2014;422
Equatorial Guinea;2013;379.8
Equatorial Guinea;2012;272.4
Equatorial Guinea;2011;333.3
Equatorial Guinea;2010;311.6
Equatorial Guinea;2009;304.9
Equatorial Guinea;2008;416
Equatorial Guinea;2007;247.7
Equatorial Guinea;2006;193.4
Equatorial Guinea;2005;162.7
Eritrea;2017;32.91
Eritrea;2016;29.37
Eritrea;2015;26.25
Eritrea;2014;23.54
Eritrea;2013;21.43
Eritrea;2012;19.72
Eritrea;2011;24.19
Eritrea;2010;16.66
Eritrea;2009;18.76
Eritrea;2008;12.7
Eritrea;2007;12.96
Eritrea;2006;15.81
Eritrea;2005;14.7
Estonia;2017;1300
Estonia;2016;1185
Estonia;2015;1112
Estonia;2014;1237
Estonia;2013;1144
Estonia;2012;1013
Estonia;2011;1015
Estonia;2010;926.5
Estonia;2009;963
Estonia;2008;1039
Estonia;2007;832.7
Estonia;2006;600.5
Estonia;2005;524.7
Eswatini;2017;224.7
Eswatini;2016;193.8
Eswatini;2015;217.2
Eswatini;2014;247.8
Eswatini;2013;269.6
Eswatini;2012;306.2
Eswatini;2011;333.2
Eswatini;2010;317
Eswatini;2009;261.8
Eswatini;2008;251.8
Eswatini;2007;241.7
Eswatini;2006;229.9
Eswatini;2005;212
Ethiopia;2017;25.26
Ethiopia;2016;26.67
Ethiopia;2015;24.92
Ethiopia;2014;22.44
Ethiopia;2013;19.99
Ethiopia;2012;20.73
Ethiopia;2011;15.13
Ethiopia;2010;16.69
Ethiopia;2009;15.6
Ethiopia;2008;13.41
Ethiopia;2007;11.93
Ethiopia;2006;8.62
Ethiopia;2005;6.62
Fiji;2017;188.4
Fiji;2016;179.9
Fiji;2015;174.5
Fiji;2014;184.7
Fiji;2013;165.1
Fiji;2012;160.8
Fiji;2011;148.2
Fiji;2010;135.2
Fiji;2009;129.1
Fiji;2008;144.1
Fiji;2007;150.9
Fiji;2006;136
Fiji;2005;129.1
Finland;2017;4206
Finland;2016;4095
Finland;2015;4122
Finland;2014;4740
Finland;2013;4307
Finland;2012;4411
Finland;2011;4549
Finland;2010;4100
Finland;2009;4180
Finland;2008;4315
Finland;2007;3775
Finland;2006;3286
Finland;2005;3111
France;2017;4380
France;2016;4257
France;2015;4204
France;2014;4988
France;2013;4900
France;2012;4652
France;2011;4933
France;2010;4593
France;2009;4724
France;2008;4794
France;2007;4315
France;2006;3813
France;2005;3574
Gabon;2017;204.5
Gabon;2016;220
Gabon;2015;197.9
Gabon;2014;245.5
Gabon;2013;275
Gabon;2012;236.6
Gabon;2011;274.1
Gabon;2010;216.7
Gabon;2009;294.1
Gabon;2008;282.1
Gabon;2007;263.2
Gabon;2006;221
Gabon;2005;197.8
Gambia;2017;23.27
Gambia;2016;20.91
Gambia;2015;21.85
Gambia;2014;22.69
Gambia;2013;29.88
Gambia;2012;30.99
Gambia;2011;32.13
Gambia;2010;32.28
Gambia;2009;31.76
Gambia;2008;35.96
Gambia;2007;29.68
Gambia;2006;24.01
Gambia;2005;21.21
Georgia;2017;293.1
Georgia;2016;308.5
Georgia;2015;280.9
Georgia;2014;349
Georgia;2013;334.9
Georgia;2012;323
Georgia;2011;290.3
Georgia;2010;262.5
Georgia;2009;247
Georgia;2008;255.9
Georgia;2007;177.1
Georgia;2006;136.9
Georgia;2005;118.7
Germany;2017;5033
Germany;2016;4734
Germany;2015;4617
Germany;2014;5291
Germany;2013;5094
Germany;2012;4755
Germany;2011;5022
Germany;2010;4597
Germany;2009;4643
Germany;2008;4636
Germany;2007;4167
Germany;2006;3684
Germany;2005;3547
Ghana;2017;66.75
Ghana;2016;67.51
Ghana;2015;82.41
Ghana;2014;81.52
Ghana;2013;111
Ghana;2012;90.42
Ghana;2011;99.81
Ghana;2010;80.91
Ghana;2009;67.2
Ghana;2008;68.2
Ghana;2007;59.16
Ghana;2006;49.56
Ghana;2005;43.55
Greece;2017;1517
Greece;2016;1499
Greece;2015;1465
Greece;2014;1725
Greece;2013;1834
Greece;2012;1968
Greece;2011;2354
Greece;2010;2574
Greece;2009;2816
Greece;2008;2848
Greece;2007;2439
Greece;2006;2064
Greece;2005;1949
Grenada;2017;497.2
Grenada;2016;463.7
Grenada;2015;440.3
Grenada;2014;404.8
Grenada;2013;451.8
Grenada;2012;450.2
Grenada;2011;460
Grenada;2010;456.2
Grenada;2009;449.3
Grenada;2008;462.8
Grenada;2007;433
Grenada;2006;408.3
Grenada;2005;368.2
Guatemala;2017;259.9
Guatemala;2016;248.8
Guatemala;2015;233.9
Guatemala;2014;219.1
Guatemala;2013;213
Guatemala;2012;198.5
Guatemala;2011;189.2
Guatemala;2010;173.8
Guatemala;2009;168.2
Guatemala;2008;174.8
Guatemala;2007;158.3
Guatemala;2006;148.7
Guatemala;2005;132.3
Guinea;2017;33.72
Guinea;2016;37.46
Guinea;2015;42.25
Guinea;2014;35.6
Guinea;2013;25.13
Guinea;2012;22.94
Guinea;2011;23.3
Guinea;2010;19.19
Guinea;2009;18.87
Guinea;2008;19.48
Guinea;2007;19
Guinea;2006;12.59
Guinea;2005;14.38
Guinea-Bissau;2017;52.36
Guinea-Bissau;2016;52.18
Guinea-Bissau;2015;50.84
Guinea-Bissau;2014;57.92
Guinea-Bissau;2013;42.85
Guinea-Bissau;2012;34.36
Guinea-Bissau;2011;41.48
Guinea-Bissau;2010;36.26
Guinea-Bissau;2009;39.15
Guinea-Bissau;2008;42.48
Guinea-Bissau;2007;36.41
Guinea-Bissau;2006;30.46
Guinea-Bissau;2005;32.65
Guyana;2017;230.5
Guyana;2016;232.9
Guyana;2015;188
Guyana;2014;207.4
Guyana;2013;199
Guyana;2012;186
Guyana;2011;177.7
Guyana;2010;165.3
Guyana;2009;141.6
Guyana;2008;125.9
Guyana;2007;120.5
Guyana;2006;97.69
Guyana;2005;90.63
Haiti;2017;62.35
Haiti;2016;59.09
Haiti;2015;67.3
Haiti;2014;63.88
Haiti;2013;58.19
Haiti;2012;73.48
Haiti;2011;75.37
Haiti;2010;54.64
Haiti;2009;40.71
Haiti;2008;39.72
Haiti;2007;36.87
Haiti;2006;28.52
Haiti;2005;24.71
Honduras;2017;195.9
Honduras;2016;194.6
Honduras;2015;180.6
Honduras;2014;183.2
Honduras;2013;181.1
Honduras;2012;188.3
Honduras;2011;186.5
Honduras;2010;168.6
Honduras;2009;162.4
Honduras;2008;152
Honduras;2007;130.8
Honduras;2006;117
Honduras;2005;101.6
Hungary;2017;981.4
Hungary;2016;914.6
Hungary;2015;870.5
Hungary;2014;1006
Hungary;2013;990.6
Hungary;2012;961.1
Hungary;2011;1063
Hungary;2010;983.1
Hungary;2009;943.7
Hungary;2008;1117
Hungary;2007;1003
Hungary;2006;893.2
Hungary;2005;895.2
Iceland;2017;6086
Iceland;2016;5064
Iceland;2015;4282
Iceland;2014;4476
Iceland;2013;4031
Iceland;2012;3707
Iceland;2011;3867
Iceland;2010;3645
Iceland;2009;3693
Iceland;2008;4946
Iceland;2007;6085
Iceland;2006;5072
Iceland;2005;5213
India;2017;69.29
India;2016;60.62
India;2015;58.97
India;2014;57.15
India;2013;56.22
India;2012;49.05
India;2011;48.72
India;2010;45.25
India;2009;38.41
India;2008;37.99
India;2007;35.96
India;2006;29.65
India;2005;27.75
Indonesia;2017;115
Indonesia;2016;111.3
Indonesia;2015;100.4
Indonesia;2014;108.8
Indonesia;2013;107.2
Indonesia;2012;107.1
Indonesia;2011;107.4
Indonesia;2010;92.19
Indonesia;2009;64.91
Indonesia;2008;61.77
Indonesia;2007;58.03
Indonesia;2006;46.1
Indonesia;2005;35.44
Iran (Islamic Republic of);2017;475.5
Iran (Islamic Republic of);2016;454.2
Iran (Islamic Republic of);2015;375.1
Iran (Islamic Republic of);2014;382.7
Iran (Islamic Republic of);2013;413.7
Iran (Islamic Republic of);2012;519.3
Iran (Islamic Republic of);2011;524.7
Iran (Islamic Republic of);2010;440.9
Iran (Islamic Republic of);2009;367.6
Iran (Islamic Republic of);2008;299.4
Iran (Islamic Republic of);2007;246
Iran (Islamic Republic of);2006;197.9
Iran (Islamic Republic of);2005;173.2
Iraq;2017;210.3
Iraq;2016;149.5
Iraq;2015;154.5
Iraq;2014;187.5
Iraq;2013;195.2
Iraq;2012;178.9
Iraq;2011;163.4
Iraq;2010;145.5
Iraq;2009;163.1
Iraq;2008;129.7
Iraq;2007;97.21
Iraq;2006;56.68
Iraq;2005;53.59
Ireland;2017;4977
Ireland;2016;4721
Ireland;2015;4565
Ireland;2014;5392
Ireland;2013;5330
Ireland;2012;5240
Ireland;2011;5563
Ireland;2010;5128
Ireland;2009;5481
Ireland;2008;5616
Ireland;2007;4852
Ireland;2006;4143
Ireland;2005;3937
Israel;2017;3145
Israel;2016;2856
Israel;2015;2640
Israel;2014;2789
Israel;2013;2649
Israel;2012;2377
Israel;2011;2411
Israel;2010;2211
Israel;2009;2017
Israel;2008;2122
Israel;2007;1780
Israel;2006;1576
Israel;2005;1538
Italy;2017;2840
Italy;2016;2736
Italy;2015;2709
Italy;2014;3190
Italy;2013;3196
Italy;2012;3126
Italy;2011;3388
Italy;2010;3215
Italy;2009;3324
Italy;2008;3490
Italy;2007;3088
Italy;2006;2830
Italy;2005;2676
Jamaica;2017;307.2
Jamaica;2016;280.2
Jamaica;2015;279.3
Jamaica;2014;254.1
Jamaica;2013;262
Jamaica;2012;260.3
Jamaica;2011;251.8
Jamaica;2010;234.9
Jamaica;2009;206.9
Jamaica;2008;267.2
Jamaica;2007;236.3
Jamaica;2006;193.6
Jamaica;2005;181.8
Japan;2017;4169
Japan;2016;4175
Japan;2015;3734
Japan;2014;4099
Japan;2013;4336
Japan;2012;5212
Japan;2011;5087
Japan;2010;4060
Japan;2009;3686
Japan;2008;3213
Japan;2007;2772
Japan;2006;2754
Japan;2005;2883
Jordan;2017;340.7
Jordan;2016;297.1
Jordan;2015;314.3
Jordan;2014;301.5
Jordan;2013;293.5
Jordan;2012;309.4
Jordan;2011;317.6
Jordan;2010;308.7
Jordan;2009;331.8
Jordan;2008;296.4
Jordan;2007;229.3
Jordan;2006;204.4
Jordan;2005;195.2
Kazakhstan;2017;279.6
Kazakhstan;2016;262.1
Kazakhstan;2015;316.4
Kazakhstan;2014;343
Kazakhstan;2013;394
Kazakhstan;2012;376.1
Kazakhstan;2011;310.9
Kazakhstan;2010;247.4
Kazakhstan;2009;249.3
Kazakhstan;2008;254.3
Kazakhstan;2007;178.9
Kazakhstan;2006;175.4
Kazakhstan;2005;143.4
Kenya;2017;76.61
Kenya;2016;73.4
Kenya;2015;70.73
Kenya;2014;72.89
Kenya;2013;67.84
Kenya;2012;64.84
Kenya;2011;57.39
Kenya;2010;59.17
Kenya;2009;55.46
Kenya;2008;55.47
Kenya;2007;50.32
Kenya;2006;40.94
Kenya;2005;30.96
Kiribati;2017;171.4
Kiribati;2016;145.4
Kiribati;2015;121.7
Kiribati;2014;161.4
Kiribati;2013;161.6
Kiribati;2012;153.7
Kiribati;2011;148.9
Kiribati;2010;139.9
Kiribati;2009;177.2
Kiribati;2008;201.5
Kiribati;2007;156.8
Kiribati;2006;135
Kiribati;2005;139.9
Kuwait;2017;1529
Kuwait;2016;1073
Kuwait;2015;1169
Kuwait;2014;1375
Kuwait;2013;1251
Kuwait;2012;1319
Kuwait;2011;1264
Kuwait;2010;1061
Kuwait;2009;1455
Kuwait;2008;1074
Kuwait;2007;976.8
Kuwait;2006;962.6
Kuwait;2005;843.9
Kyrgyzstan;2017;78.82
Kyrgyzstan;2016;73.36
Kyrgyzstan;2015;81.4
Kyrgyzstan;2014;95.15
Kyrgyzstan;2013;105.7
Kyrgyzstan;2012;100.5
Kyrgyzstan;2011;79.99
Kyrgyzstan;2010;61.45
Kyrgyzstan;2009;60.58
Kyrgyzstan;2008;63.73
Kyrgyzstan;2007;50.79
Kyrgyzstan;2006;45.95
Kyrgyzstan;2005;36.11
Lao People's Democratic Republic;2017;62.12
Lao People's Democratic Republic;2016;55.21
Lao People's Democratic Republic;2015;52.99
Lao People's Democratic Republic;2014;46.37
Lao People's Democratic Republic;2013;44.13
Lao People's Democratic Republic;2012;32.99
Lao People's Democratic Republic;2011;27.51
Lao People's Democratic Republic;2010;34.99
Lao People's Democratic Republic;2009;36.22
Lao People's Democratic Republic;2008;27.16
Lao People's Democratic Republic;2007;25.19
Lao People's Democratic Republic;2006;19.59
Lao People's Democratic Republic;2005;17.68
Latvia;2017;930.4
Latvia;2016;874.2
Latvia;2015;775.6
Latvia;2014;855.6
Latvia;2013;807.1
Latvia;2012;745.5
Latvia;2011;764.6
Latvia;2010;689.1
Latvia;2009;744.7
Latvia;2008;913.5
Latvia;2007;807
Latvia;2006;552.3
Latvia;2005;440.8
Lebanon;2017;719.4
Lebanon;2016;667.3
Lebanon;2015;655.8
Lebanon;2014;676.3
Lebanon;2013;673.3
Lebanon;2012;713.6
Lebanon;2011;711.6
Lebanon;2010;659.4
Lebanon;2009;593
Lebanon;2008;553.7
Lebanon;2007;520.1
Lebanon;2006;470.1
Lebanon;2005;407
Lesotho;2017;104.6
Lesotho;2016;84.16
Lesotho;2015;98.12
Lesotho;2014;108.3
Lesotho;2013;111.9
Lesotho;2012;112.9
Lesotho;2011;121.4
Lesotho;2010;92.61
Lesotho;2009;79.42
Lesotho;2008;68.18
Lesotho;2007;65.36
Lesotho;2006;49.16
Lesotho;2005;41.74
Liberia;2017;56.6
Liberia;2016;69.58
Liberia;2015;72.33
Liberia;2014;64.75
Liberia;2013;58.55
Liberia;2012;55.91
Liberia;2011;54.37
Liberia;2010;44.5
Liberia;2009;43.68
Liberia;2008;34.73
Liberia;2007;36.25
Liberia;2006;24.47
Liberia;2005;25.76
Libya;2011;312.6
Libya;2010;400.9
Libya;2009;355.9
Libya;2008;321.5
Libya;2007;275.7
Libya;2006;235
Libya;2005;212.3
Lithuania;2017;1078
Lithuania;2016;988.5
Lithuania;2015;920.2
Lithuania;2014;1021
Lithuania;2013;958.9
Lithuania;2012;896.9
Lithuania;2011;925.5
Lithuania;2010;805.2
Lithuania;2009;864.7
Lithuania;2008;936.5
Lithuania;2007;704.3
Lithuania;2006;536.1
Lithuania;2005;438.9
Luxembourg;2017;5783
Luxembourg;2016;5596
Luxembourg;2015;5567
Luxembourg;2014;6681
Luxembourg;2013;6522
Luxembourg;2012;7097
Luxembourg;2011;7165
Luxembourg;2010;7452
Luxembourg;2009;7640
Luxembourg;2008;7548
Luxembourg;2007;6662
Luxembourg;2006;6065
Luxembourg;2005;5816
Madagascar;2017;24.67
Madagascar;2016;24.47
Madagascar;2015;22.91
Madagascar;2014;23
Madagascar;2013;19.53
Madagascar;2012;19.58
Madagascar;2011;23.59
Madagascar;2010;21.96
Madagascar;2009;20.84
Madagascar;2008;22.2
Madagascar;2007;19.67
Madagascar;2006;17.2
Madagascar;2005;16.5
Malawi;2017;32.26
Malawi;2016;29.43
Malawi;2015;34
Malawi;2014;34.41
Malawi;2013;38.55
Malawi;2012;31.75
Malawi;2011;38.38
Malawi;2010;33.23
Malawi;2009;34.79
Malawi;2008;32.06
Malawi;2007;24.54
Malawi;2006;20.59
Malawi;2005;16.98
Malaysia;2017;384.1
Malaysia;2016;361.5
Malaysia;2015;376.1
Malaysia;2014;422
Malaysia;2013;388.7
Malaysia;2012;382.3
Malaysia;2011;352.6
Malaysia;2010;292.9
Malaysia;2009;251.4
Malaysia;2008;270.9
Malaysia;2007;234.4
Malaysia;2006;203.9
Malaysia;2005;164.3
Maldives;2017;1007
Maldives;2016;1053
Maldives;2015;853.5
Maldives;2014;716.2
Maldives;2013;674.6
Maldives;2012;648.1
Maldives;2011;585.9
Maldives;2010;602.7
Maldives;2009;667.7
Maldives;2008;755.2
Maldives;2007;461.7
Maldives;2006;387.3
Maldives;2005;322.1
Mali;2017;31.38
Mali;2016;29.39
Mali;2015;30.83
Mali;2014;37.9
Mali;2013;31.89
Mali;2012;28.62
Mali;2011;32.95
Mali;2010;32.65
Mali;2009;35.5
Mali;2008;34
Mali;2007;30.46
Mali;2006;27.73
Mali;2005;24.66
Malta;2017;2586
Malta;2016;2328
Malta;2015;2250
Malta;2014;2462
Malta;2013;2121
Malta;2012;1899
Malta;2011;1960
Malta;2010;1734
Malta;2009;1677
Malta;2008;1751
Malta;2007;1596
Malta;2006;1474
Malta;2005;1380
Marshall Islands;2017;642.2
Marshall Islands;2016;666.5
Marshall Islands;2015;600.8
Marshall Islands;2014;521.9
Marshall Islands;2013;538.6
Marshall Islands;2012;514.7
Marshall Islands;2011;494.6
Marshall Islands;2010;488.6
Marshall Islands;2009;475.7
Marshall Islands;2008;501.6
Marshall Islands;2007;517.3
Marshall Islands;2006;606.1
Marshall Islands;2005;581.3
Mauritania;2017;48.82
Mauritania;2016;44.89
Mauritania;2015;54.65
Mauritania;2014;56.55
Mauritania;2013;52.77
Mauritania;2012;46.68
Mauritania;2011;45.01
Mauritania;2010;41.12
Mauritania;2009;41.83
Mauritania;2008;46.05
Mauritania;2007;37.74
Mauritania;2006;32.9
Mauritania;2005;31.93
Mauritius;2017;599.7
Mauritius;2016;553.1
Mauritius;2015;529.2
Mauritius;2014;559.5
Mauritius;2013;452.5
Mauritius;2012;398.2
Mauritius;2011;396.6
Mauritius;2010;367.1
Mauritius;2009;310.1
Mauritius;2008;321.8
Mauritius;2007;235.8
Mauritius;2006;209.1
Mauritius;2005;197.7
Mexico;2017;494.7
Mexico;2016;474.6
Mexico;2015;539
Mexico;2014;595.8
Mexico;2013;617.9
Mexico;2012;580.7
Mexico;2011;565.1
Mexico;2010;538.7
Mexico;2009;477.6
Mexico;2008;556.5
Mexico;2007;542.8
Mexico;2006;501
Mexico;2005;472.1
Micronesia (Federated States of);2017;424.8
Micronesia (Federated States of);2016;397.2
Micronesia (Federated States of);2015;378
Micronesia (Federated States of);2014;360.9
Micronesia (Federated States of);2013;371
Micronesia (Federated States of);2012;387.9
Micronesia (Federated States of);2011;393.6
Micronesia (Federated States of);2010;375.7
Micronesia (Federated States of);2009;338.1
Micronesia (Federated States of);2008;301.9
Micronesia (Federated States of);2007;270.5
Micronesia (Federated States of);2006;257.1
Micronesia (Federated States of);2005;417.5
Monaco;2017;2932
Monaco;2016;2939
Monaco;2015;3314
Monaco;2014;3864
Monaco;2013;3710
Monaco;2012;3397
Monaco;2011;3533
Monaco;2010;3369
Monaco;2009;3397
Monaco;2008;3476
Monaco;2007;2988
Monaco;2006;2690
Monaco;2005;2632
Mongolia;2017;148.8
Mongolia;2016;163.5
Mongolia;2015;167.3
Mongolia;2014;175.2
Mongolia;2013;178.4
Mongolia;2012;168.4
Mongolia;2011;135.2
Mongolia;2010;99.11
Mongolia;2009;76.61
Mongolia;2008;97.5
Mongolia;2007;66.59
Mongolia;2006;50.05
Mongolia;2005;37.51
Morocco;2017;161
Morocco;2016;153.5
Morocco;2015;147.4
Morocco;2014;170.1
Morocco;2013;179.6
Morocco;2012;169.5
Morocco;2011;176.9
Morocco;2010;168.7
Morocco;2009;169.6
Morocco;2008;155.2
Morocco;2007;137.3
Morocco;2006;109.9
Morocco;2005;97.32
Mozambique;2017;21.07
Mozambique;2016;19.45
Mozambique;2015;27.83
Mozambique;2014;37.2
Mozambique;2013;32.87
Mozambique;2012;31.06
Mozambique;2011;23.61
Mozambique;2010;21.47
Mozambique;2009;22.98
Mozambique;2008;23
Mozambique;2007;23.03
Mozambique;2006;23.35
Mozambique;2005;23.38
Myanmar;2017;58.04
Myanmar;2016;58.19
Myanmar;2015;62.03
Myanmar;2014;52.98
Myanmar;2013;36.82
Myanmar;2012;27.77
Myanmar;2011;20.43
Myanmar;2010;15.08
Myanmar;2009;13.94
Myanmar;2008;10.97
Myanmar;2007;7.4
Myanmar;2006;6.32
Myanmar;2005;5.71
Namibia;2017;447.3
Namibia;2016;414.5
Namibia;2015;477.2
Namibia;2014;452.5
Namibia;2013;490
Namibia;2012;546.6
Namibia;2011;550.2
Namibia;2010;504.6
Namibia;2009;375.5
Namibia;2008;399.8
Namibia;2007;452.8
Namibia;2006;397.5
Namibia;2005;368.2
Nauru;2017;1107
Nauru;2016;1264
Nauru;2015;1054
Nauru;2014;936.9
Nauru;2013;793.3
Nauru;2012;857.6
Nauru;2011;688.5
Nauru;2010;650.2
Nauru;2009;566.1
Nauru;2008;814.5
Nauru;2007;588.7
Nauru;2006;362.1
Nauru;2005;326.8
Nepal;2017;47.92
Nepal;2016;45.45
Nepal;2015;45.14
Nepal;2014;41.01
Nepal;2013;34.65
Nepal;2012;33.51
Nepal;2011;34.32
Nepal;2010;29.97
Nepal;2009;21.2
Nepal;2008;19.23
Nepal;2007;17.51
Nepal;2006;14.01
Nepal;2005;14.52
Netherlands;2017;4911
Netherlands;2016;4753
Netherlands;2015;4675
Netherlands;2014;5594
Netherlands;2013;5531
Netherlands;2012;5285
Netherlands;2011;5555
Netherlands;2010;5187
Netherlands;2009;5262
Netherlands;2008;5361
Netherlands;2007;4690
Netherlands;2006;4077
Netherlands;2005;3822
New Zealand;2017;3937
New Zealand;2016;3745
New Zealand;2015;3582
New Zealand;2014;4145
New Zealand;2013;3956
New Zealand;2012;3807
New Zealand;2011;3626
New Zealand;2010;3216
New Zealand;2009;2701
New Zealand;2008;2839
New Zealand;2007;2699
New Zealand;2006;2302
New Zealand;2005;2295
Nicaragua;2017;192.1
Nicaragua;2016;188.5
Nicaragua;2015;165.9
Nicaragua;2014;158.2
Nicaragua;2013;139
Nicaragua;2012;137.1
Nicaragua;2011;125
Nicaragua;2010;107.6
Nicaragua;2009;110
Nicaragua;2008;106.5
Nicaragua;2007;92.86
Nicaragua;2006;75.02
Nicaragua;2005;71.4
Niger;2017;29.26
Niger;2016;22.68
Niger;2015;26.01
Niger;2014;25.15
Niger;2013;24.73
Niger;2012;22.85
Niger;2011;24.97
Niger;2010;23.91
Niger;2009;27.11
Niger;2008;26.22
Niger;2007;22.27
Niger;2006;21.36
Niger;2005;20.28
Nigeria;2017;73.92
Nigeria;2016;79.36
Nigeria;2015;97.78
Nigeria;2014;107.9
Nigeria;2013;102.5
Nigeria;2012;92.57
Nigeria;2011;84.43
Nigeria;2010;76.72
Nigeria;2009;68.96
Nigeria;2008;81.2
Nigeria;2007;70.04
Nigeria;2006;66.51
Nigeria;2005;54.53
Niue;2017;1259
Niue;2016;1084
Niue;2015;1130
Niue;2014;1697
Niue;2013;1416
Niue;2012;1271
Niue;2011;2373
Niue;2010;1361
Niue;2009;1803
Niue;2008;1725
Niue;2007;1302
Niue;2006;3696
Niue;2005;866
Norway;2017;7936
Norway;2016;7497
Norway;2015;7566
Norway;2014;9118
Norway;2013;9241
Norway;2012;8970
Norway;2011;8900
Norway;2010;7860
Norway;2009;7302
Norway;2008;7768
Norway;2007;6896
Norway;2006;5893
Norway;2005;5585
Oman;2017;587.6
Oman;2016;645.1
Oman;2015;706.4
Oman;2014;721.9
Oman;2013;592.5
Oman;2012;564.4
Oman;2011;535.3
Oman;2010;529.1
Oman;2009;475
Oman;2008;444.2
Oman;2007;383.4
Oman;2006;332.9
Oman;2005;320.2
Pakistan;2017;44.59
Pakistan;2016;41.01
Pakistan;2015;37.89
Pakistan;2014;36.52
Pakistan;2013;31.55
Pakistan;2012;28.47
Pakistan;2011;28.49
Pakistan;2010;26.57
Pakistan;2009;25.27
Pakistan;2008;26.99
Pakistan;2007;29.78
Pakistan;2006;26.09
Pakistan;2005;20.71
Palau;2017;1596
Palau;2016;1675
Palau;2015;1499
Palau;2014;1402
Palau;2013;1292
Palau;2012;1183
Palau;2011;1014
Palau;2010;1038
Palau;2009;932.2
Palau;2008;924.9
Palau;2007;955.5
Palau;2006;912.9
Palau;2005;868.3
Panama;2017;1112
Panama;2016;1040
Panama;2015;927.8
Panama;2014;883.7
Panama;2013;790.1
Panama;2012;705.2
Panama;2011;619.1
Panama;2010;579.5
Panama;2009;529.9
Panama;2008;489.8
Panama;2007;427
Panama;2006;350.4
Panama;2005;304.7
Papua New Guinea;2017;61.46
Papua New Guinea;2016;59.84
Papua New Guinea;2015;49.89
Papua New Guinea;2014;97.9
Papua New Guinea;2013;83.93
Papua New Guinea;2012;76.43
Papua New Guinea;2011;56.76
Papua New Guinea;2010;42.25
Papua New Guinea;2009;38.96
Papua New Guinea;2008;36.72
Papua New Guinea;2007;34.87
Papua New Guinea;2006;31.33
Papua New Guinea;2005;28.46
Paraguay;2017;381.1
Paraguay;2016;360.5
Paraguay;2015;367.5
Paraguay;2014;408.5
Paraguay;2013;362.4
Paraguay;2012;341.4
Paraguay;2011;270.7
Paraguay;2010;202.9
Paraguay;2009;162.8
Paraguay;2008;169.1
Paraguay;2007;125
Paraguay;2006;96.63
Paraguay;2005;75.65
Peru;2017;332.6
Peru;2016;310
Peru;2015;306.8
Peru;2014;326.2
Peru;2013;310.9
Peru;2012;304.2
Peru;2011;265.5
Peru;2010;239.3
Peru;2009;207.4
Peru;2008;189
Peru;2007;159.1
Peru;2006;142
Peru;2005;123.3
Philippines;2017;132.9
Philippines;2016;130
Philippines;2015;124.4
Philippines;2014;117.3
Philippines;2013;123.2
Philippines;2012;112.9
Philippines;2011;98.95
Philippines;2010;91.84
Philippines;2009;79.47
Philippines;2008;77.31
Philippines;2007;65.56
Philippines;2006;54.92
Philippines;2005;46.6
Poland;2017;906.8
Poland;2016;813.5
Poland;2015;804
Poland;2014;911.3
Poland;2013;878.1
Poland;2012;815.1
Poland;2011;866.1
Poland;2010;809.2
Poland;2009;759.6
Poland;2008;892.6
Poland;2007;660.9
Poland;2006;524.1
Poland;2005;465.7
Portugal;2017;1908
Portugal;2016;1803
Portugal;2015;1725
Portugal;2014;1987
Portugal;2013;1959
Portugal;2012;1919
Portugal;2011;2208
Portugal;2010;2213
Portugal;2009;2279
Portugal;2008;2322
Portugal;2007;2067
Portugal;2006;1813
Portugal;2005;1773
Qatar;2017;1649
Qatar;2016;1800
Qatar;2015;2032
Qatar;2014;2104
Qatar;2013;1833
Qatar;2012;1548
Qatar;2011;1375
Qatar;2010;1258
Qatar;2009;1321
Qatar;2008;1328
Qatar;2007;1322
Qatar;2006;1328
Qatar;2005;1323
Republic of Korea;2017;2283
Republic of Korea;2016;2040
Republic of Korea;2015;1925
Republic of Korea;2014;1911
Republic of Korea;2013;1712
Republic of Korea;2012;1576
Republic of Korea;2011;1521
Republic of Korea;2010;1374
Republic of Korea;2009;1112
Republic of Korea;2008;1156
Republic of Korea;2007;1230
Republic of Korea;2006;1072
Republic of Korea;2005;892
Republic of Moldova;2017;191.2
Republic of Moldova;2016;171.2
Republic of Moldova;2015;186.4
Republic of Moldova;2014;230.8
Republic of Moldova;2013;231.7
Republic of Moldova;2012;223.6
Republic of Moldova;2011;215
Republic of Moldova;2010;198.3
Republic of Moldova;2009;208.5
Republic of Moldova;2008;185.6
Republic of Moldova;2007;135.4
Republic of Moldova;2006;100.1
Republic of Moldova;2005;79.33
The former Yugoslav Republic of Macedonia;2017;328.4
The former Yugoslav Republic of Macedonia;2016;327.4
The former Yugoslav Republic of Macedonia;2015;306.9
The former Yugoslav Republic of Macedonia;2014;343.9
The former Yugoslav Republic of Macedonia;2013;350.3
The former Yugoslav Republic of Macedonia;2012;310.8
The former Yugoslav Republic of Macedonia;2011;330
The former Yugoslav Republic of Macedonia;2010;305.2
The former Yugoslav Republic of Macedonia;2009;296.7
The former Yugoslav Republic of Macedonia;2008;314.1
The former Yugoslav Republic of Macedonia;2007;265.4
The former Yugoslav Republic of Macedonia;2006;245.7
The former Yugoslav Republic of Macedonia;2005;233.1
Romania;2017;555.1
Romania;2016;476.2
Romania;2015;442.2
Romania;2014;503.3
Romania;2013;495.2
Romania;2012;401.7
Romania;2011;426.6
Romania;2010;472.2
Romania;2009;449.4
Romania;2008;521.3
Romania;2007;415.1
Romania;2006;291
Romania;2005;254.5
Russian Federation;2017;585.9
Russian Federation;2016;469.1
Russian Federation;2015;501.9
Russian Federation;2014;742.3
Russian Federation;2013;811.2
Russian Federation;2012;760.1
Russian Federation;2011;684.8
Russian Federation;2010;567.4
Russian Federation;2009;516.7
Russian Federation;2008;609.9
Russian Federation;2007;461.9
Russian Federation;2006;352.7
Russian Federation;2005;272
Rwanda;2017;49.2
Rwanda;2016;48.1
Rwanda;2015;46.44
Rwanda;2014;48.73
Rwanda;2013;46.54
Rwanda;2012;56.61
Rwanda;2011;51.64
Rwanda;2010;48.71
Rwanda;2009;45.58
Rwanda;2008;42.41
Rwanda;2007;36.8
Rwanda;2006;31.06
Rwanda;2005;25.2
Saint Kitts and Nevis;2017;902.7
Saint Kitts and Nevis;2016;871.8
Saint Kitts and Nevis;2015;848.9
Saint Kitts and Nevis;2014;827.3
Saint Kitts and Nevis;2013;830.7
Saint Kitts and Nevis;2012;787.2
Saint Kitts and Nevis;2011;829.9
Saint Kitts and Nevis;2010;789.4
Saint Kitts and Nevis;2009;804.6
Saint Kitts and Nevis;2008;819.9
Saint Kitts and Nevis;2007;664.2
Saint Kitts and Nevis;2006;652.4
Saint Kitts and Nevis;2005;532.1
Saint Lucia;2017;460.1
Saint Lucia;2016;492.9
Saint Lucia;2015;445
Saint Lucia;2014;433.4
Saint Lucia;2013;487.5
Saint Lucia;2012;459.3
Saint Lucia;2011;466.3
Saint Lucia;2010;434
Saint Lucia;2009;429.2
Saint Lucia;2008;429.2
Saint Lucia;2007;440.8
Saint Lucia;2006;392.9
Saint Lucia;2005;336.9
Saint Vincent and the Grenadines;2017;320.6
Saint Vincent and the Grenadines;2016;305.8
Saint Vincent and the Grenadines;2015;294.4
Saint Vincent and the Grenadines;2014;293
Saint Vincent and the Grenadines;2013;301.4
Saint Vincent and the Grenadines;2012;297.2
Saint Vincent and the Grenadines;2011;276.2
Saint Vincent and the Grenadines;2010;283.6
Saint Vincent and the Grenadines;2009;267.7
Saint Vincent and the Grenadines;2008;260.5
Saint Vincent and the Grenadines;2007;249.9
Saint Vincent and the Grenadines;2006;215.8
Saint Vincent and the Grenadines;2005;204.4
Samoa;2017;233.1
Samoa;2016;227.2
Samoa;2015;222.9
Samoa;2014;259.2
Samoa;2013;257.4
Samoa;2012;205
Samoa;2011;220.2
Samoa;2010;192.5
Samoa;2009;178.9
Samoa;2008;162.8
Samoa;2007;153.3
Samoa;2006;138.5
Samoa;2005;126.2
San Marino;2017;3362
San Marino;2016;3022
San Marino;2015;3164
San Marino;2014;3874
San Marino;2013;4015
San Marino;2012;4026
San Marino;2011;4280
San Marino;2010;4002
San Marino;2009;4205
San Marino;2008;4295
San Marino;2007;3748
San Marino;2006;3218
San Marino;2005;3012
Sao Tome and Principe;2017;119.7
Sao Tome and Principe;2016;110.3
Sao Tome and Principe;2015;86.91
Sao Tome and Principe;2014;122.8
Sao Tome and Principe;2013;128.6
Sao Tome and Principe;2012;89.44
Sao Tome and Principe;2011;88.12
Sao Tome and Principe;2010;77.33
Sao Tome and Principe;2009;79.11
Sao Tome and Principe;2008;80.11
Sao Tome and Principe;2007;72.45
Sao Tome and Principe;2006;69.3
Sao Tome and Principe;2005;92.62
Saudi Arabia;2017;1093
Saudi Arabia;2016;1166
Saudi Arabia;2015;1244
Saudi Arabia;2014;1285
Saudi Arabia;2013;1113
Saudi Arabia;2012;1017
Saudi Arabia;2011;882.3
Saudi Arabia;2010;702.6
Saudi Arabia;2009;690.5
Saudi Arabia;2008;595.3
Saudi Arabia;2007;586.4
Saudi Arabia;2006;554.3
Saudi Arabia;2005;469.4
Senegal;2017;55.01
Senegal;2016;52.6
Senegal;2015;51.99
Senegal;2014;59.75
Senegal;2013;58.74
Senegal;2012;54.99
Senegal;2011;56.37
Senegal;2010;50.22
Senegal;2009;49.22
Senegal;2008;48.24
Senegal;2007;40.2
Senegal;2006;38.06
Senegal;2005;35.94
Serbia;2017;528.5
Serbia;2016;496.4
Serbia;2015;491.3
Serbia;2014;608.9
Serbia;2013;627.5
Serbia;2012;559.8
Serbia;2011;619.1
Serbia;2010;545.3
Serbia;2009;575.5
Serbia;2008;672
Serbia;2007;547.2
Serbia;2006;371.6
Serbia;2005;307.6
Seychelles;2017;791.7
Seychelles;2016;784.6
Seychelles;2015;674.2
Seychelles;2014;682.3
Seychelles;2013;645.4
Seychelles;2012;658
Seychelles;2011;532.2
Seychelles;2010;512.3
Seychelles;2009;361.6
Seychelles;2008;425.6
Seychelles;2007;468.2
Seychelles;2006;530.3
Seychelles;2005;515.5
Sierra Leone;2017;66.4
Sierra Leone;2016;86.31
Sierra Leone;2015;119.8
Sierra Leone;2014;139.8
Sierra Leone;2013;82.23
Sierra Leone;2012;59.5
Sierra Leone;2011;59.11
Sierra Leone;2010;43.68
Sierra Leone;2009;43.16
Sierra Leone;2008;40.13
Sierra Leone;2007;36.01
Sierra Leone;2006;33.5
Sierra Leone;2005;32.2
Singapore;2017;2619
Singapore;2016;2490
Singapore;2015;2326
Singapore;2014;2237
Singapore;2013;2115
Singapore;2012;1863
Singapore;2011;1704
Singapore;2010;1514
Singapore;2009;1329
Singapore;2008;1275
Singapore;2007;1085
Singapore;2006;945.8
Singapore;2005;863.3
Slovakia;2017;1186
Slovakia;2016;1175
Slovakia;2015;1108
Slovakia;2014;1288
Slovakia;2013;1370
Slovakia;2012;1320
Slovakia;2011;1351
Slovakia;2010;1295
Slovakia;2009;1315
Slovakia;2008;1252
Slovakia;2007;1029
Slovakia;2006;729
Slovakia;2005;601.3
Slovenia;2017;1920
Slovenia;2016;1834
Slovenia;2015;1775
Slovenia;2014;2060
Slovenia;2013;2055
Slovenia;2012;1975
Slovenia;2011;2145
Slovenia;2010;2015
Slovenia;2009;2117
Slovenia;2008;2171
Slovenia;2007;1794
Slovenia;2006;1542
Slovenia;2005;1449
Solomon Islands;2017;101.2
Solomon Islands;2016;106.3
Solomon Islands;2015;103.2
Solomon Islands;2014;119.8
Solomon Islands;2013;110.2
Solomon Islands;2012;107.9
Solomon Islands;2011;122.8
Solomon Islands;2010;93.67
Solomon Islands;2009;91.48
Solomon Islands;2008;97.34
Solomon Islands;2007;91.57
Solomon Islands;2006;90.79
Solomon Islands;2005;92.7
South Africa;2017;499.2
South Africa;2016;428.3
South Africa;2015;470.8
South Africa;2014;509.8
South Africa;2013;526.5
South Africa;2012;579.7
South Africa;2011;597.4
South Africa;2010;539.6
South Africa;2009;413.1
South Africa;2008;372.4
South Africa;2007;386
South Africa;2006;362.5
South Africa;2005;354.1
South Sudan;2017;22.89
Spain;2017;2506
Spain;2016;2391
Spain;2015;2352
Spain;2014;2671
Spain;2013;2629
Spain;2012;2589
Spain;2011;2895
Spain;2010;2775
Spain;2009;2913
Spain;2008;2968
Spain;2007;2587
Spain;2006;2228
Spain;2005;2051
Sri Lanka;2017;159.5
Sri Lanka;2016;153.1
Sri Lanka;2015;151.4
Sri Lanka;2014;138.8
Sri Lanka;2013;138.6
Sri Lanka;2012;114
Sri Lanka;2011;119.5
Sri Lanka;2010;108.6
Sri Lanka;2009;100.6
Sri Lanka;2008;93.09
Sri Lanka;2007;73.84
Sri Lanka;2006;65.48
Sri Lanka;2005;57.36
Sudan;2017;193.8
Sudan;2016;165.9
Sudan;2015;158
Sudan;2014;115.5
Sudan;2013;124.8
Sudan;2012;99.88
Sudan;2011;125.2
Sudan (until 2011);2010;109.1
Sudan (until 2011);2009;110.8
Sudan (until 2011);2008;106.7
Sudan (until 2011);2007;104.3
Sudan (until 2011);2006;69.96
Sudan (until 2011);2005;46.6
Suriname;2017;339.3
Suriname;2016;356.1
Suriname;2015;538.2
Suriname;2014;463
Suriname;2013;455.7
Suriname;2012;425.4
Suriname;2011;392.8
Suriname;2010;417.7
Suriname;2009;396.8
Suriname;2008;348.6
Suriname;2007;322.1
Suriname;2006;326.6
Suriname;2005;251.5
Sweden;2017;5905
Sweden;2016;5707
Sweden;2015;5623
Sweden;2014;6628
Sweden;2013;6723
Sweden;2012;6274
Sweden;2011;6387
Sweden;2010;4437
Sweden;2009;4152
Sweden;2008;4653
Sweden;2007;4322
Sweden;2006;3789
Sweden;2005;3574
Switzerland;2017;9956
Switzerland;2016;9836
Switzerland;2015;9808
Switzerland;2014;10015
Switzerland;2013;9690
Switzerland;2012;9287
Switzerland;2011;9572
Switzerland;2010;8022
Switzerland;2009;7599
Switzerland;2008;7411
Switzerland;2007;6402
Switzerland;2006;5901
Switzerland;2005;5965
Syrian Arab Republic;2012;69.89
Syrian Arab Republic;2011;81.56
Syrian Arab Republic;2010;94.25
Syrian Arab Republic;2009;92.15
Syrian Arab Republic;2008;87.86
Syrian Arab Republic;2007;76.36
Syrian Arab Republic;2006;66.13
Syrian Arab Republic;2005;63.79
Tajikistan;2017;57.9
Tajikistan;2016;55.74
Tajikistan;2015;63.46
Tajikistan;2014;73.62
Tajikistan;2013;67.95
Tajikistan;2012;57.11
Tajikistan;2011;48.9
Tajikistan;2010;42.34
Tajikistan;2009;39.01
Tajikistan;2008;41.51
Tajikistan;2007;28.76
Tajikistan;2006;20.21
Tajikistan;2005;17.56
Thailand;2017;247
Thailand;2016;225.3
Thailand;2015;214.4
Thailand;2014;219.4
Thailand;2013;213
Thailand;2012;206.4
Thailand;2011;195.9
Thailand;2010;172.1
Thailand;2009;152.5
Thailand;2008;151.5
Thailand;2007;126.8
Thailand;2006;104.4
Thailand;2005;91.43
Timor-Leste;2017;83.2
Timor-Leste;2016;79.89
Timor-Leste;2015;87.4
Timor-Leste;2014;78.85
Timor-Leste;2013;81.68
Timor-Leste;2012;70.14
Timor-Leste;2011;63.22
Timor-Leste;2010;51.43
Timor-Leste;2009;48.66
Timor-Leste;2008;41.87
Timor-Leste;2007;28.63
Timor-Leste;2006;25.99
Timor-Leste;2005;23.77
Togo;2017;38.05
Togo;2016;38.77
Togo;2015;35.21
Togo;2014;40.19
Togo;2013;38.62
Togo;2012;34.68
Togo;2011;34.72
Togo;2010;31.09
Togo;2009;26.36
Togo;2008;23.84
Togo;2007;19.66
Togo;2006;16.74
Togo;2005;15.93
Tonga;2017;222
Tonga;2016;206.6
Tonga;2015;180.9
Tonga;2014;216
Tonga;2013;177
Tonga;2012;221.7
Tonga;2011;168.1
Tonga;2010;177.7
Tonga;2009;126.7
Tonga;2008;203.5
Tonga;2007;144.3
Tonga;2006;159.3
Tonga;2005;116.6
Trinidad and Tobago;2017;1124
Trinidad and Tobago;2016;1093
Trinidad and Tobago;2015;1116
Trinidad and Tobago;2014;1061
Trinidad and Tobago;2013;1017
Trinidad and Tobago;2012;936.6
Trinidad and Tobago;2011;912.3
Trinidad and Tobago;2010;861.5
Trinidad and Tobago;2009;810.4
Trinidad and Tobago;2008;783.9
Trinidad and Tobago;2007;696
Trinidad and Tobago;2006;593
Trinidad and Tobago;2005;552.9
Tunisia;2017;250.6
Tunisia;2016;256.5
Tunisia;2015;268.2
Tunisia;2014;291
Tunisia;2013;287.9
Tunisia;2012;273.3
Tunisia;2011;273.8
Tunisia;2010;243.6
Tunisia;2009;234.2
Tunisia;2008;233.5
Tunisia;2007;205.1
Tunisia;2006;181.5
Tunisia;2005;172.4
Turkey;2017;444.7
Turkey;2016;468.6
Turkey;2015;454.6
Turkey;2014;527.2
Turkey;2013;552.4
Turkey;2012;524.8
Turkey;2011;531.7
Turkey;2010;539.3
Turkey;2009;500.1
Turkey;2008;570.7
Turkey;2007;512.7
Turkey;2006;416.9
Turkey;2005;364.9
Turkmenistan;2017;456.5
Turkmenistan;2016;423
Turkmenistan;2015;405.1
Turkmenistan;2014;437.8
Turkmenistan;2013;376.2
Turkmenistan;2012;318.8
Turkmenistan;2011;276.7
Turkmenistan;2010;221.8
Turkmenistan;2009;194.3
Turkmenistan;2008;255.5
Turkmenistan;2007;281.9
Turkmenistan;2006;374.2
Turkmenistan;2005;345.1
Tuvalu;2017;622.2
Tuvalu;2016;554.2
Tuvalu;2015;536
Tuvalu;2014;571.3
Tuvalu;2013;630.9
Tuvalu;2012;532.7
Tuvalu;2011;567.7
Tuvalu;2010;500
Tuvalu;2009;375.4
Tuvalu;2008;313.7
Tuvalu;2007;294.7
Tuvalu;2006;298.2
Tuvalu;2005;242.2
Uganda;2017;38.91
Uganda;2016;39.47
Uganda;2015;41.64
Uganda;2014;50.29
Uganda;2013;49.63
Uganda;2012;53.27
Uganda;2011;53.68
Uganda;2010;62.67
Uganda;2009;55.21
Uganda;2008;56.74
Uganda;2007;51.54
Uganda;2006;43.3
Uganda;2005;38.23
Ukraine;2017;177.4
Ukraine;2016;141.9
Ukraine;2015;141.6
Ukraine;2014;197.4
Ukraine;2013;298.9
Ukraine;2012;275.9
Ukraine;2011;244
Ukraine;2010;202.3
Ukraine;2009;168.2
Ukraine;2008;215.7
Ukraine;2007;185.8
Ukraine;2006;148.3
Ukraine;2005;116.3
United Arab Emirates;2017;1357
United Arab Emirates;2016;1311
United Arab Emirates;2015;1402
United Arab Emirates;2014;1613
United Arab Emirates;2013;1556
United Arab Emirates;2012;1442
United Arab Emirates;2011;1484
United Arab Emirates;2010;1359
United Arab Emirates;2009;1339
United Arab Emirates;2008;1340
United Arab Emirates;2007;1095
United Arab Emirates;2006;985.3
United Arab Emirates;2005;915.1
United Kingdom;2017;3859
United Kingdom;2016;3945
United Kingdom;2015;4326
United Kingdom;2014;4601
United Kingdom;2013;4208
United Kingdom;2012;3493
United Kingdom;2011;3502
United Kingdom;2010;3309
United Kingdom;2009;3274
United Kingdom;2008;3606
United Kingdom;2007;3740
United Kingdom;2006;3252
United Kingdom;2005;3010
United Republic of Tanzania;2017;33.92
United Republic of Tanzania;2016;35.5
United Republic of Tanzania;2015;32.09
United Republic of Tanzania;2014;38.4
United Republic of Tanzania;2013;41.92
United Republic of Tanzania;2012;40.54
United Republic of Tanzania;2011;36.52
United Republic of Tanzania;2010;36.11
United Republic of Tanzania;2009;32.86
United Republic of Tanzania;2008;35.68
United Republic of Tanzania;2007;35.82
United Republic of Tanzania;2006;35.3
United Republic of Tanzania;2005;27.55
United States of America;2017;10246
United States of America;2016;9941
United States of America;2015;9538
United States of America;2014;9068
United States of America;2013;8648
United States of America;2012;8441
United States of America;2011;8170
United States of America;2010;7957
United States of America;2009;7699
United States of America;2008;7421
United States of America;2007;7176
United States of America;2006;6820
United States of America;2005;6452
Uruguay;2017;1592
Uruguay;2016;1401
Uruguay;2015;1399
Uruguay;2014;1468
Uruguay;2013;1489
Uruguay;2012;1323
Uruguay;2011;1223
Uruguay;2010;1026
Uruguay;2009;813.1
Uruguay;2008;799.9
Uruguay;2007;570.6
Uruguay;2006;494.4
Uruguay;2005;439.9
Uzbekistan;2017;98.82
Uzbekistan;2016;135.4
Uzbekistan;2015;131.6
Uzbekistan;2014;117.4
Uzbekistan;2013;116
Uzbekistan;2012;106.2
Uzbekistan;2011;89.64
Uzbekistan;2010;76.92
Uzbekistan;2009;63.37
Uzbekistan;2008;52.27
Uzbekistan;2007;40.42
Uzbekistan;2006;32.21
Uzbekistan;2005;27.18
Vanuatu;2017;105.7
Vanuatu;2016;109.9
Vanuatu;2015;119.4
Vanuatu;2014;108.8
Vanuatu;2013;131.6
Vanuatu;2012;118.9
Vanuatu;2011;114.6
Vanuatu;2010;100.1
Vanuatu;2009;83.51
Vanuatu;2008;82.27
Vanuatu;2007;72.96
Vanuatu;2006;68
Vanuatu;2005;62.35
Venezuela (Bolivarian Republic of);2017;94.23
Venezuela (Bolivarian Republic of);2016;296.9
Venezuela (Bolivarian Republic of);2015;566.9
Venezuela (Bolivarian Republic of);2014;682.7
Venezuela (Bolivarian Republic of);2013;685.2
Venezuela (Bolivarian Republic of);2012;822.5
Venezuela (Bolivarian Republic of);2011;770.9
Venezuela (Bolivarian Republic of);2010;926.7
Venezuela (Bolivarian Republic of);2009;869.5
Venezuela (Bolivarian Republic of);2008;718.7
Venezuela (Bolivarian Republic of);2007;647.5
Venezuela (Bolivarian Republic of);2006;545.5
Venezuela (Bolivarian Republic of);2005;329
Viet Nam;2017;129.6
Viet Nam;2016;122.8
Viet Nam;2015;116.7
Viet Nam;2014;116.4
Viet Nam;2013;118.5
Viet Nam;2012;108.2
Viet Nam;2011;89.02
Viet Nam;2010;78.19
Viet Nam;2009;64.09
Viet Nam;2008;58.85
Viet Nam;2007;49.24
Viet Nam;2006;42.06
Viet Nam;2005;34.84
Yemen;2015;72.04
Yemen;2014;79.75
Yemen;2013;78.39
Yemen;2012;73.83
Yemen;2011;64.36
Yemen;2010;67.55
Yemen;2009;65.48
Yemen;2008;69.36
Yemen;2007;57.95
Yemen;2006;49.86
Yemen;2005;42.37
Zambia;2017;67.65
Zambia;2016;56.54
Zambia;2015;58.52
Zambia;2014;66.56
Zambia;2013;86.82
Zambia;2012;68.19
Zambia;2011;56.91
Zambia;2010;54.42
Zambia;2009;50.43
Zambia;2008;54.93
Zambia;2007;48.08
Zambia;2006;60.51
Zambia;2005;47.45
Zimbabwe;2017;110.1
Zimbabwe;2016;98.58
Zimbabwe;2015;94.29
Zimbabwe;2014;99.55
Zimbabwe;2013;83.09
Zimbabwe;2012;75.39
Zimbabwe;2011;75.42
Zimbabwe;2010;91.18
